"1",0.1,0.1,0.3,0.1,0.1,0.1,0.3,0.3,0.2,0.1,0.1,0.1,0.3,0.1,0.2,0.2,0.3,0.3,0.2,0.1,0.2,0.2,0.1,0.3,0.2,0.2,0.2,0.3,0.3,0.1,0.2,0.3,0.3,0.1,0.2,0.1,0.1,0.1,0.3,0.3,0.3,0.2,0.3,0.3,0.1,0.3,0.1,0.1,0.3,0.1,0.3,0.2,0.1,0.1,0.2,0.1,0.3,0.1,0.3,0.3,0.3,0.1,0.1,0.2,0.1,0.2,0.3,0.2,0.2,0.3,0.1,0.2,0.3,0.1,0.2,0.3,0.3,0.2,0.3,0.3,0.2,0.3,0.2,0.1,0.1,0.3,0.2,0.2,0.2,0.1,0.2,0.2,0.2,0.1,0.1,0.2,0.2,-1,"t","m5vj"
"2",0.3,0.1,0.3,0.1,0.3,0.3,0.2,0.2,0.3,0.2,0.2,0.3,0.3,0.2,0.2,0.1,0.3,0.2,0.3,0.1,0.2,0.1,0.3,0.2,0.2,0.3,0.2,0.1,0.1,0.2,0.1,0.1,0.2,0.3,0.1,0.3,0.3,0.1,0.3,0.3,0.3,0.1,0.2,0.2,0.1,0.2,0.1,0.3,0.3,0.2,0.2,0.2,0.2,0.1,0.3,0.2,0.2,0.1,0.1,0.1,0.3,0.3,0.3,0.1,0.1,0.1,0.3,0.2,0.2,0.2,0.2,0.2,0.2,0.1,0.1,0.1,0.1,0.1,0.3,0.2,0.3,0.1,0.1,0.1,0.1,0.2,0.1,0.2,0.3,0.2,0.3,0.2,0.3,0.3,0.3,0.3,0.2,1,"y","-7b-8j-9lr"
"3",0.2,0.2,0.2,0.1,0.2,0.3,0.2,0.3,0.2,0.1,0.1,0.2,0.1,0.1,0.2,0.3,0.3,0.2,0.3,0.2,0.1,0.3,0.3,0.1,0.2,0.1,0.1,0.3,0.2,0.3,0.1,0.2,0.1,0.1,0.1,0.2,0.2,0.3,0.3,0.2,0.3,0.1,0.2,0.3,0.2,0.1,0.2,0.3,0.2,0.1,0.3,0.3,0.3,0.3,0.2,0.2,0.3,0.1,0.1,0.1,0.3,0.1,0.1,0.1,0.2,0.1,0.3,0.2,0.2,0.3,0.3,0.3,0.1,0.2,0.1,0.1,0.2,0.3,0.2,0.1,0.2,0.1,0.3,0.1,0.2,0.1,0.3,0.3,0.2,0.2,0.1,0.2,0.3,0.3,0.3,0.1,0.1,-1,"w","ve9nj-8"
"4",0.2,0.2,0.3,0.3,0.1,0.2,0.2,0.2,0.3,0.1,0.1,0.3,0.2,0.3,0.3,0.1,0.3,0.2,0.3,0.3,0.3,0.2,0.2,0.3,0.1,0.3,0.3,0.3,0.1,0.3,0.1,0.2,0.3,0.2,0.2,0.2,0.1,0.1,0.3,0.1,0.2,0.1,0.1,0.1,0.2,0.2,0.2,0.3,0.3,0.3,0.3,0.1,0.3,0.2,0.2,0.1,0.1,0.1,0.3,0.1,0.3,0.2,0.3,0.1,0.1,0.2,0.1,0.2,0.2,0.1,0.3,0.3,0.3,0.3,0.3,0.2,0.3,0.3,0.1,0.3,0.1,0.3,0.2,0.1,0.2,0.2,0.1,0.3,0.2,0.3,0.1,0.3,0.2,0.3,0.2,0.3,0.3,1,"q","-1tuly"
"5",0.3,0.1,0.1,0.1,0.2,0.3,0.2,0.1,0.2,0.3,0.2,0.2,0.2,0.2,0.3,0.3,0.2,0.3,0.1,0.3,0.3,0.1,0.3,0.3,0.2,0.1,0.2,0.2,0.2,0.1,0.2,0.3,0.1,0.3,0.2,0.2,0.1,0.3,0.2,0.1,0.2,0.3,0.3,0.1,0.2,0.2,0.1,0.3,0.2,0.1,0.3,0.2,0.1,0.3,0.1,0.1,0.2,0.3,0.1,0.3,0.2,0.3,0.1,0.2,0.1,0.3,0.3,0.1,0.1,0.1,0.2,0.2,0.3,0.2,0.3,0.3,0.3,0.2,0.1,0.2,0.1,0.1,0.1,0.2,0.2,0.3,0.2,0.1,0.2,0.1,0.2,0.1,0.2,0.3,0.1,0.3,0.1,-1,"q","-12nk0"
"6",0.2,0.1,0.3,0.2,0.2,0.1,0.2,0.1,0.1,0.2,0.1,0.1,0.2,0.2,0.3,0.2,0.2,0.3,0.1,0.1,0.2,0.3,0.2,0.2,0.2,0.2,0.2,0.1,0.3,0.3,0.3,0.2,0.2,0.3,0.2,0.1,0.2,0.1,0.2,0.1,0.2,0.2,0.2,0.1,0.1,0.3,0.1,0.1,0.3,0.1,0.2,0.2,0.1,0.1,0.1,0.3,0.1,0.3,0.1,0.2,0.2,0.3,0.1,0.3,0.2,0.2,0.1,0.1,0.1,0.2,0.1,0.2,0.2,0.1,0.1,0.3,0.1,0.3,0.3,0.3,0.3,0.1,0.1,0.2,0.2,0.3,0.2,0.3,0.1,0.1,0.1,0.1,0.1,0.2,0.1,0.1,0.3,0,"m","q24"
"7",0.3,0.3,0.2,0.1,0.1,0.2,0.1,0.3,0.1,0.3,0.3,0.1,0.2,0.2,0.1,0.3,0.1,0.1,0.2,0.3,0.1,0.2,0.2,0.2,0.3,0.1,0.3,0.3,0.1,0.1,0.2,0.1,0.1,0.1,0.2,0.2,0.2,0.3,0.1,0.2,0.3,0.2,0.3,0.2,0.3,0.3,0.2,0.1,0.2,0.2,0.3,0.2,0.3,0.2,0.1,0.1,0.2,0.2,0.2,0.3,0.3,0.3,0.3,0.3,0.1,0.2,0.1,0.1,0.2,0.2,0.2,0.1,0.2,0.3,0.1,0.1,0.2,0.3,0.2,0.2,0.2,0.1,0.1,0.2,0.2,0.1,0.1,0.1,0.3,0.3,0.2,0.1,0.1,0.2,0.1,0.1,0.2,0,"r","l8x2"
"8",0.2,0.2,0.1,0.1,0.3,0.1,0.3,0.3,0.2,0.2,0.1,0.2,0.2,0.3,0.1,0.1,0.2,0.1,0.1,0.2,0.3,0.1,0.2,0.1,0.2,0.2,0.3,0.2,0.2,0.2,0.3,0.3,0.1,0.3,0.1,0.2,0.1,0.2,0.1,0.3,0.1,0.2,0.1,0.3,0.1,0.2,0.2,0.2,0.1,0.2,0.3,0.3,0.1,0.3,0.1,0.1,0.3,0.2,0.1,0.3,0.3,0.1,0.2,0.3,0.2,0.1,0.3,0.3,0.1,0.3,0.1,0.1,0.3,0.2,0.2,0.3,0.2,0.2,0.2,0.1,0.3,0.1,0.1,0.3,0.3,0.1,0.1,0.1,0.1,0.1,0.3,0.1,0.1,0.2,0.1,0.2,0.2,0,"d","4a-815"
"9",0.1,0.2,0.2,0.2,0.2,0.1,0.3,0.1,0.2,0.3,0.3,0.1,0.3,0.2,0.3,0.2,0.3,0.1,0.1,0.1,0.3,0.2,0.1,0.3,0.1,0.1,0.1,0.1,0.1,0.1,0.2,0.1,0.3,0.1,0.2,0.3,0.1,0.2,0.3,0.2,0.1,0.1,0.1,0.1,0.1,0.3,0.3,0.3,0.2,0.1,0.1,0.3,0.3,0.1,0.2,0.1,0.2,0.3,0.1,0.1,0.2,0.3,0.3,0.1,0.1,0.2,0.2,0.1,0.3,0.3,0.3,0.2,0.2,0.1,0.3,0.3,0.3,0.3,0.3,0.1,0.1,0.1,0.3,0.2,0.1,0.1,0.3,0.3,0.1,0.1,0.1,0.2,0.1,0.1,0.3,0.3,0.3,-1,"u","h-2a-3j"
"10",0.1,0.3,0.1,0.3,0.3,0.2,0.2,0.3,0.1,0.3,0.1,0.3,0.1,0.2,0.3,0.3,0.1,0.3,0.1,0.3,0.2,0.2,0.1,0.2,0.1,0.3,0.2,0.2,0.3,0.2,0.2,0.3,0.1,0.3,0.2,0.1,0.2,0.1,0.2,0.1,0.2,0.2,0.3,0.3,0.2,0.1,0.3,0.1,0.1,0.2,0.2,0.2,0.3,0.2,0.2,0.2,0.1,0.3,0.1,0.2,0.1,0.2,0.2,0.3,0.2,0.1,0.3,0.1,0.1,0.2,0.2,0.3,0.3,0.2,0.3,0.3,0.3,0.3,0.1,0.3,0.3,0.3,0.1,0.1,0.1,0.1,0.1,0.1,0.3,0.3,0.2,0.2,0.3,0.3,0.1,0.2,0.3,0,"a","-9q-4c"
"11",0.2,0.2,0.1,0.2,0.2,0.2,0.3,0.3,0.3,0.1,0.1,0.3,0.3,0.2,0.3,0.2,0.2,0.3,0.1,0.3,0.1,0.2,0.1,0.2,0.1,0.1,0.3,0.3,0.2,0.1,0.2,0.3,0.1,0.1,0.3,0.3,0.2,0.2,0.2,0.2,0.3,0.2,0.3,0.1,0.1,0.1,0.1,0.1,0.2,0.2,0.3,0.1,0.1,0.1,0.2,0.2,0.2,0.3,0.2,0.2,0.3,0.3,0.1,0.2,0.3,0.1,0.2,0.2,0.3,0.2,0.2,0.2,0.2,0.3,0.2,0.1,0.2,0.1,0.1,0.2,0.2,0.2,0.2,0.1,0.2,0.3,0.1,0.3,0.3,0.1,0.2,0.1,0.1,0.1,0.3,0.3,0.2,0,"k","j7qk"
"12",0.3,0.2,0.3,0.2,0.3,0.2,0.3,0.3,0.2,0.1,0.1,0.2,0.1,0.2,0.3,0.3,0.3,0.3,0.3,0.1,0.3,0.1,0.1,0.2,0.1,0.3,0.1,0.2,0.2,0.1,0.1,0.3,0.2,0.2,0.1,0.1,0.3,0.3,0.2,0.2,0.2,0.3,0.1,0.3,0.3,0.3,0.2,0.3,0.3,0.2,0.2,0.3,0.1,0.3,0.1,0.3,0.3,0.3,0.1,0.2,0.1,0.3,0.3,0.1,0.3,0.3,0.1,0.1,0.3,0.2,0.2,0.1,0.2,0.2,0.3,0.3,0.2,0.1,0.2,0.1,0.3,0.1,0.1,0.3,0.2,0.3,0.1,0.1,0.1,0.2,0.3,0.1,0.3,0.2,0.3,0.3,0.1,1,"h","5h-8bp4"
"13",0.3,0.1,0.2,0.2,0.1,0.3,0.1,0.2,0.3,0.2,0.2,0.3,0.2,0.3,0.3,0.2,0.1,0.1,0.3,0.2,0.1,0.3,0.3,0.3,0.1,0.3,0.1,0.2,0.3,0.1,0.2,0.3,0.2,0.3,0.1,0.3,0.1,0.2,0.1,0.1,0.3,0.3,0.2,0.3,0.2,0.1,0.1,0.1,0.1,0.1,0.3,0.2,0.3,0.2,0.3,0.3,0.3,0.2,0.1,0.3,0.3,0.3,0.1,0.2,0.1,0.2,0.2,0.1,0.1,0.3,0.2,0.1,0.1,0.2,0.1,0.2,0.1,0.2,0.1,0.1,0.1,0.1,0.2,0.2,0.3,0.2,0.2,0.3,0.3,0.1,0.3,0.1,0.3,0.3,0.2,0.1,0.3,-1,"z","45r"
"14",0.3,0.1,0.2,0.2,0.2,0.3,0.1,0.2,0.3,0.2,0.1,0.3,0.3,0.1,0.3,0.3,0.3,0.1,0.3,0.1,0.1,0.1,0.2,0.2,0.3,0.3,0.1,0.2,0.2,0.2,0.1,0.2,0.3,0.2,0.2,0.1,0.3,0.3,0.3,0.2,0.3,0.3,0.3,0.1,0.2,0.2,0.1,0.3,0.2,0.2,0.2,0.1,0.1,0.3,0.1,0.1,0.1,0.2,0.2,0.1,0.2,0.3,0.2,0.3,0.2,0.2,0.2,0.1,0.3,0.3,0.1,0.2,0.1,0.2,0.1,0.1,0.1,0.1,0.1,0.1,0.3,0.1,0.1,0.2,0.1,0.1,0.3,0.2,0.3,0.3,0.3,0.2,0.2,0.2,0.1,0.1,0.2,-1,"k","adk"
"15",0.1,0.2,0.1,0.1,0.1,0.2,0.2,0.2,0.1,0.1,0.2,0.1,0.3,0.1,0.3,0.1,0.3,0.2,0.3,0.1,0.3,0.2,0.1,0.2,0.3,0.1,0.2,0.2,0.3,0.1,0.3,0.3,0.2,0.1,0.3,0.2,0.3,0.1,0.3,0.2,0.3,0.2,0.3,0.2,0.3,0.3,0.1,0.3,0.2,0.2,0.1,0.1,0.2,0.1,0.3,0.2,0.2,0.3,0.2,0.1,0.1,0.2,0.2,0.2,0.2,0.2,0.1,0.1,0.3,0.1,0.2,0.1,0.1,0.3,0.3,0.2,0.2,0.1,0.3,0.1,0.3,0.3,0.2,0.1,0.1,0.2,0.1,0.2,0.1,0.2,0.2,0.1,0.1,0.2,0.2,0.1,0.1,1,"i","ivr3x"
"16",0.3,0.3,0.1,0.3,0.1,0.1,0.3,0.1,0.1,0.2,0.2,0.2,0.2,0.2,0.2,0.1,0.2,0.1,0.2,0.3,0.2,0.1,0.2,0.3,0.1,0.2,0.1,0.2,0.3,0.2,0.2,0.3,0.1,0.2,0.2,0.1,0.3,0.1,0.1,0.1,0.2,0.2,0.2,0.1,0.3,0.1,0.1,0.1,0.3,0.2,0.3,0.1,0.3,0.1,0.2,0.3,0.3,0.1,0.2,0.3,0.2,0.1,0.1,0.2,0.3,0.1,0.2,0.3,0.3,0.1,0.1,0.3,0.2,0.3,0.2,0.2,0.2,0.1,0.3,0.2,0.3,0.1,0.1,0.2,0.3,0.2,0.3,0.2,0.2,0.2,0.1,0.1,0.3,0.1,0.3,0.1,0.1,0,"a","xk-7"
"17",0.2,0.2,0.2,0.2,0.3,0.1,0.3,0.3,0.2,0.1,0.2,0.1,0.2,0.1,0.1,0.3,0.1,0.2,0.2,0.2,0.3,0.1,0.2,0.1,0.3,0.2,0.3,0.3,0.2,0.2,0.1,0.2,0.3,0.2,0.1,0.1,0.3,0.1,0.3,0.3,0.1,0.1,0.3,0.2,0.3,0.3,0.2,0.2,0.3,0.2,0.1,0.2,0.2,0.3,0.2,0.3,0.3,0.3,0.1,0.2,0.2,0.3,0.2,0.1,0.1,0.1,0.1,0.1,0.3,0.2,0.1,0.3,0.2,0.1,0.2,0.1,0.2,0.3,0.3,0.2,0.2,0.2,0.1,0.3,0.2,0.1,0.1,0.2,0.1,0.3,0.2,0.3,0.3,0.1,0.1,0.1,0.1,-1,"z","64p"
"18",0.3,0.3,0.2,0.3,0.3,0.3,0.3,0.2,0.2,0.2,0.3,0.3,0.2,0.1,0.2,0.2,0.1,0.3,0.2,0.1,0.3,0.2,0.2,0.2,0.3,0.2,0.3,0.3,0.3,0.1,0.2,0.3,0.2,0.1,0.1,0.2,0.3,0.2,0.3,0.3,0.3,0.1,0.3,0.2,0.1,0.3,0.1,0.3,0.2,0.2,0.1,0.3,0.3,0.3,0.2,0.2,0.1,0.1,0.3,0.1,0.3,0.2,0.3,0.3,0.3,0.3,0.2,0.3,0.2,0.1,0.3,0.1,0.1,0.3,0.1,0.1,0.3,0.1,0.1,0.1,0.2,0.3,0.2,0.3,0.1,0.3,0.2,0.1,0.1,0.1,0.3,0.3,0.1,0.3,0.2,0.2,0.3,1,"c","bw-5nl-96"
"19",0.3,0.2,0.3,0.1,0.1,0.3,0.3,0.2,0.1,0.2,0.2,0.2,0.3,0.2,0.3,0.3,0.1,0.1,0.2,0.2,0.1,0.3,0.1,0.2,0.1,0.2,0.1,0.3,0.1,0.1,0.2,0.3,0.2,0.2,0.3,0.1,0.3,0.3,0.3,0.3,0.2,0.1,0.1,0.2,0.1,0.2,0.2,0.3,0.2,0.2,0.3,0.3,0.1,0.2,0.3,0.1,0.3,0.3,0.2,0.1,0.1,0.2,0.1,0.2,0.3,0.2,0.1,0.2,0.2,0.2,0.1,0.3,0.2,0.3,0.2,0.3,0.3,0.3,0.2,0.3,0.1,0.2,0.3,0.1,0.1,0.1,0.1,0.3,0.3,0.1,0.3,0.1,0.2,0.2,0.2,0.2,0.1,1,"g","t"
"20",0.2,0.3,0.3,0.2,0.1,0.3,0.2,0.2,0.1,0.2,0.2,0.2,0.2,0.1,0.1,0.3,0.1,0.1,0.3,0.2,0.2,0.2,0.2,0.3,0.3,0.2,0.3,0.1,0.2,0.2,0.1,0.2,0.2,0.1,0.2,0.1,0.1,0.2,0.3,0.3,0.2,0.3,0.1,0.3,0.2,0.3,0.1,0.2,0.1,0.1,0.2,0.1,0.3,0.1,0.3,0.2,0.2,0.3,0.2,0.3,0.2,0.3,0.2,0.2,0.3,0.2,0.3,0.3,0.3,0.2,0.2,0.1,0.3,0.3,0.1,0.2,0.2,0.2,0.1,0.3,0.3,0.3,0.3,0.1,0.1,0.1,0.2,0.3,0.2,0.3,0.1,0.3,0.3,0.1,0.3,0.1,0.3,0,"s","h6bcl"
"21",0.1,0.2,0.1,0.2,0.1,0.3,0.3,0.2,0.2,0.1,0.3,0.2,0.1,0.3,0.3,0.3,0.1,0.1,0.2,0.2,0.1,0.3,0.1,0.2,0.1,0.1,0.3,0.3,0.1,0.1,0.3,0.3,0.1,0.2,0.2,0.2,0.3,0.3,0.2,0.3,0.3,0.3,0.1,0.1,0.2,0.2,0.2,0.3,0.2,0.3,0.2,0.2,0.2,0.3,0.2,0.3,0.3,0.3,0.2,0.3,0.1,0.1,0.1,0.1,0.1,0.1,0.2,0.2,0.3,0.2,0.1,0.2,0.2,0.1,0.2,0.2,0.1,0.2,0.1,0.3,0.3,0.2,0.3,0.3,0.3,0.3,0.3,0.3,0.3,0.3,0.2,0.3,0.3,0.1,0.3,0.3,0.1,1,"r","7ry-5"
"22",0.2,0.1,0.2,0.2,0.2,0.1,0.2,0.2,0.1,0.2,0.3,0.3,0.3,0.1,0.3,0.3,0.1,0.3,0.1,0.2,0.2,0.3,0.3,0.3,0.2,0.2,0.3,0.3,0.2,0.3,0.3,0.2,0.2,0.1,0.1,0.2,0.1,0.2,0.1,0.2,0.3,0.2,0.2,0.1,0.3,0.2,0.1,0.3,0.3,0.2,0.2,0.1,0.1,0.1,0.3,0.3,0.2,0.2,0.3,0.1,0.3,0.2,0.2,0.1,0.3,0.1,0.3,0.1,0.3,0.3,0.2,0.1,0.2,0.3,0.2,0.2,0.3,0.3,0.1,0.2,0.1,0.2,0.2,0.2,0.2,0.2,0.1,0.3,0.2,0.2,0.3,0.1,0.3,0.3,0.3,0.3,0.1,0,"n","frn-4-7"
"23",0.2,0.2,0.3,0.1,0.1,0.1,0.3,0.1,0.1,0.2,0.2,0.1,0.1,0.2,0.2,0.2,0.3,0.2,0.2,0.1,0.3,0.2,0.2,0.2,0.3,0.2,0.2,0.1,0.3,0.1,0.2,0.1,0.2,0.3,0.1,0.2,0.2,0.1,0.3,0.3,0.3,0.1,0.3,0.1,0.2,0.3,0.3,0.2,0.1,0.1,0.1,0.3,0.3,0.1,0.1,0.1,0.2,0.3,0.3,0.3,0.3,0.1,0.1,0.1,0.1,0.2,0.3,0.3,0.2,0.3,0.3,0.2,0.2,0.1,0.3,0.3,0.3,0.1,0.1,0.1,0.1,0.3,0.3,0.3,0.2,0.3,0.3,0.2,0.3,0.3,0.1,0.3,0.1,0.2,0.3,0.1,0.3,0,"q","-5i-3x"
"24",0.2,0.1,0.3,0.3,0.2,0.2,0.1,0.2,0.3,0.3,0.3,0.2,0.1,0.2,0.2,0.2,0.1,0.3,0.3,0.3,0.2,0.3,0.2,0.1,0.1,0.2,0.1,0.1,0.1,0.2,0.1,0.2,0.3,0.3,0.1,0.2,0.3,0.1,0.1,0.2,0.3,0.2,0.3,0.1,0.1,0.1,0.1,0.1,0.3,0.3,0.2,0.3,0.1,0.3,0.1,0.1,0.3,0.3,0.3,0.1,0.3,0.2,0.1,0.2,0.3,0.2,0.3,0.2,0.3,0.2,0.2,0.3,0.1,0.1,0.3,0.3,0.1,0.3,0.2,0.2,0.3,0.2,0.2,0.1,0.3,0.1,0.1,0.3,0.1,0.1,0.3,0.2,0.2,0.3,0.1,0.1,0.3,0,"e","1k7s"
"25",0.1,0.2,0.2,0.3,0.3,0.1,0.2,0.2,0.1,0.3,0.1,0.1,0.3,0.1,0.3,0.3,0.1,0.3,0.3,0.1,0.1,0.1,0.3,0.2,0.2,0.1,0.1,0.2,0.2,0.1,0.3,0.3,0.1,0.2,0.1,0.1,0.2,0.1,0.1,0.1,0.2,0.1,0.1,0.2,0.2,0.3,0.1,0.3,0.2,0.3,0.1,0.2,0.2,0.1,0.1,0.2,0.2,0.1,0.2,0.3,0.1,0.2,0.2,0.2,0.2,0.2,0.2,0.2,0.3,0.3,0.2,0.1,0.2,0.1,0.2,0.1,0.1,0.1,0.2,0.2,0.2,0.2,0.2,0.3,0.3,0.3,0.1,0.1,0.2,0.2,0.1,0.2,0.3,0.3,0.1,0.3,0.3,-1,"y","52w-3d"
"26",0.2,0.3,0.2,0.3,0.2,0.2,0.3,0.3,0.2,0.2,0.1,0.2,0.3,0.1,0.2,0.1,0.1,0.2,0.2,0.3,0.1,0.2,0.3,0.1,0.2,0.1,0.3,0.1,0.2,0.2,0.1,0.2,0.1,0.2,0.3,0.3,0.1,0.3,0.2,0.3,0.3,0.1,0.2,0.1,0.1,0.3,0.1,0.2,0.2,0.2,0.3,0.1,0.2,0.2,0.2,0.1,0.3,0.3,0.1,0.3,0.1,0.1,0.2,0.2,0.1,0.3,0.2,0.1,0.1,0.1,0.1,0.1,0.2,0.3,0.2,0.3,0.3,0.3,0.3,0.1,0.3,0.3,0.2,0.1,0.2,0.2,0.2,0.3,0.2,0.1,0.1,0.3,0.2,0.2,0.1,0.3,0.1,-1,"b","59f-12"
"27",0.1,0.2,0.2,0.1,0.3,0.2,0.3,0.1,0.2,0.2,0.3,0.2,0.1,0.3,0.1,0.2,0.2,0.1,0.3,0.2,0.3,0.2,0.2,0.2,0.3,0.3,0.1,0.3,0.1,0.2,0.3,0.1,0.1,0.1,0.2,0.3,0.1,0.1,0.2,0.2,0.1,0.1,0.1,0.2,0.3,0.2,0.2,0.3,0.2,0.3,0.1,0.3,0.3,0.2,0.3,0.2,0.1,0.1,0.2,0.1,0.1,0.1,0.1,0.2,0.2,0.3,0.2,0.2,0.3,0.1,0.1,0.3,0.1,0.2,0.1,0.3,0.2,0.3,0.2,0.1,0.1,0.1,0.1,0.2,0.3,0.2,0.2,0.3,0.2,0.3,0.3,0.3,0.3,0.1,0.1,0.3,0.2,-1,"r","pa-3y571v"
"28",0.2,0.1,0.3,0.3,0.2,0.3,0.2,0.2,0.1,0.2,0.1,0.3,0.2,0.3,0.3,0.2,0.1,0.2,0.1,0.2,0.2,0.1,0.1,0.2,0.1,0.3,0.3,0.1,0.2,0.1,0.3,0.3,0.1,0.2,0.3,0.3,0.1,0.1,0.2,0.1,0.1,0.2,0.2,0.3,0.3,0.3,0.1,0.1,0.1,0.3,0.2,0.2,0.2,0.3,0.3,0.3,0.2,0.1,0.2,0.1,0.3,0.2,0.3,0.3,0.3,0.2,0.3,0.2,0.3,0.3,0.3,0.3,0.1,0.1,0.3,0.2,0.1,0.3,0.2,0.3,0.2,0.2,0.2,0.3,0.3,0.3,0.2,0.1,0.2,0.1,0.2,0.2,0.3,0.2,0.1,0.2,0.3,0,"x","xy-21w"
"29",0.3,0.2,0.3,0.3,0.1,0.3,0.2,0.3,0.2,0.1,0.3,0.3,0.2,0.2,0.3,0.2,0.1,0.2,0.1,0.1,0.3,0.3,0.1,0.1,0.1,0.1,0.2,0.2,0.2,0.2,0.3,0.3,0.1,0.2,0.3,0.2,0.1,0.3,0.1,0.2,0.3,0.1,0.3,0.2,0.1,0.1,0.1,0.1,0.3,0.3,0.2,0.2,0.1,0.2,0.2,0.3,0.3,0.3,0.2,0.2,0.1,0.2,0.3,0.3,0.3,0.1,0.2,0.3,0.1,0.1,0.2,0.1,0.1,0.3,0.2,0.2,0.1,0.2,0.2,0.3,0.2,0.3,0.2,0.1,0.3,0.2,0.2,0.2,0.2,0.2,0.2,0.1,0.2,0.1,0.2,0.3,0.2,1,"z","-4j"
"30",0.3,0.2,0.1,0.3,0.1,0.2,0.2,0.1,0.1,0.1,0.1,0.3,0.3,0.2,0.2,0.3,0.2,0.3,0.3,0.2,0.1,0.3,0.3,0.1,0.1,0.3,0.2,0.2,0.1,0.3,0.1,0.1,0.3,0.3,0.1,0.2,0.2,0.2,0.2,0.1,0.1,0.1,0.3,0.2,0.3,0.3,0.3,0.3,0.1,0.2,0.2,0.2,0.3,0.2,0.2,0.1,0.3,0.1,0.1,0.3,0.2,0.2,0.1,0.2,0.1,0.2,0.3,0.3,0.2,0.2,0.3,0.1,0.1,0.1,0.3,0.3,0.2,0.3,0.1,0.2,0.1,0.2,0.1,0.2,0.1,0.2,0.2,0.2,0.2,0.2,0.2,0.1,0.1,0.1,0.2,0.2,0.2,1,"h","37"
"31",0.1,0.1,0.2,0.1,0.1,0.1,0.3,0.2,0.3,0.3,0.2,0.3,0.2,0.1,0.3,0.2,0.1,0.3,0.1,0.3,0.1,0.2,0.3,0.2,0.2,0.2,0.1,0.1,0.2,0.2,0.1,0.3,0.2,0.1,0.3,0.2,0.3,0.2,0.1,0.3,0.3,0.1,0.1,0.3,0.1,0.2,0.1,0.1,0.1,0.2,0.1,0.1,0.1,0.3,0.3,0.2,0.1,0.1,0.2,0.1,0.3,0.3,0.2,0.3,0.3,0.3,0.1,0.3,0.2,0.3,0.1,0.3,0.2,0.2,0.1,0.2,0.2,0.3,0.3,0.2,0.2,0.1,0.2,0.2,0.3,0.3,0.3,0.2,0.1,0.1,0.1,0.3,0.1,0.2,0.1,0.3,0.3,0,"m","cvonr-2xd"
"32",0.3,0.3,0.1,0.2,0.1,0.1,0.2,0.1,0.3,0.3,0.2,0.3,0.3,0.2,0.1,0.1,0.2,0.2,0.2,0.3,0.3,0.3,0.2,0.1,0.3,0.2,0.3,0.3,0.3,0.2,0.2,0.3,0.2,0.2,0.1,0.3,0.1,0.3,0.2,0.1,0.2,0.2,0.3,0.1,0.1,0.2,0.2,0.3,0.1,0.2,0.1,0.2,0.1,0.3,0.1,0.3,0.2,0.1,0.3,0.1,0.2,0.2,0.1,0.2,0.1,0.1,0.2,0.3,0.2,0.1,0.3,0.2,0.3,0.2,0.2,0.2,0.2,0.2,0.2,0.1,0.2,0.3,0.1,0.3,0.3,0.2,0.1,0.3,0.3,0.1,0.1,0.3,0.2,0.2,0.2,0.2,0.1,1,"h","vr8-5-4"
"33",0.3,0.1,0.3,0.3,0.3,0.3,0.1,0.2,0.3,0.1,0.2,0.2,0.3,0.2,0.2,0.3,0.2,0.3,0.1,0.3,0.2,0.3,0.2,0.1,0.1,0.3,0.2,0.3,0.1,0.3,0.2,0.3,0.3,0.2,0.3,0.2,0.1,0.3,0.3,0.3,0.2,0.1,0.3,0.2,0.1,0.3,0.3,0.1,0.1,0.2,0.1,0.2,0.3,0.1,0.2,0.1,0.3,0.3,0.2,0.3,0.1,0.3,0.3,0.1,0.2,0.1,0.2,0.3,0.2,0.2,0.1,0.2,0.1,0.3,0.2,0.2,0.2,0.1,0.3,0.1,0.3,0.3,0.2,0.1,0.2,0.1,0.2,0.2,0.3,0.2,0.2,0.2,0.1,0.3,0.2,0.3,0.3,-1,"i","-9r9lz4"
"34",0.3,0.2,0.2,0.2,0.2,0.1,0.2,0.2,0.2,0.2,0.1,0.1,0.1,0.2,0.3,0.3,0.2,0.3,0.1,0.1,0.2,0.2,0.1,0.2,0.1,0.3,0.1,0.3,0.3,0.3,0.3,0.2,0.2,0.3,0.1,0.2,0.1,0.2,0.3,0.3,0.2,0.3,0.3,0.2,0.2,0.1,0.1,0.1,0.2,0.1,0.3,0.1,0.2,0.1,0.3,0.1,0.3,0.2,0.2,0.1,0.1,0.2,0.2,0.3,0.1,0.1,0.1,0.2,0.1,0.1,0.3,0.3,0.2,0.2,0.3,0.3,0.3,0.1,0.1,0.3,0.1,0.1,0.2,0.3,0.3,0.3,0.1,0.1,0.2,0.3,0.3,0.1,0.1,0.2,0.2,0.2,0.2,0,"f","1o76qk"
"35",0.2,0.1,0.1,0.1,0.2,0.3,0.2,0.1,0.1,0.2,0.2,0.3,0.1,0.2,0.1,0.2,0.1,0.1,0.1,0.3,0.2,0.2,0.3,0.2,0.1,0.2,0.2,0.3,0.2,0.2,0.1,0.1,0.3,0.3,0.3,0.2,0.2,0.2,0.2,0.2,0.1,0.3,0.1,0.2,0.3,0.3,0.3,0.2,0.3,0.3,0.1,0.3,0.2,0.2,0.1,0.2,0.3,0.3,0.1,0.3,0.1,0.2,0.1,0.2,0.3,0.3,0.3,0.3,0.3,0.1,0.1,0.3,0.2,0.2,0.1,0.2,0.3,0.2,0.1,0.1,0.1,0.2,0.2,0.1,0.2,0.1,0.3,0.3,0.3,0.2,0.3,0.1,0.3,0.1,0.3,0.2,0.1,1,"p","q-17pwo4"
"36",0.1,0.3,0.1,0.1,0.2,0.3,0.3,0.2,0.2,0.3,0.3,0.1,0.3,0.2,0.3,0.3,0.2,0.3,0.2,0.1,0.3,0.3,0.2,0.3,0.3,0.1,0.2,0.1,0.2,0.2,0.2,0.3,0.2,0.1,0.1,0.2,0.3,0.1,0.1,0.3,0.2,0.3,0.1,0.2,0.3,0.3,0.3,0.3,0.1,0.3,0.3,0.1,0.2,0.1,0.2,0.1,0.2,0.2,0.3,0.2,0.2,0.1,0.1,0.2,0.3,0.3,0.3,0.2,0.1,0.2,0.2,0.2,0.2,0.2,0.2,0.3,0.2,0.3,0.2,0.2,0.3,0.3,0.1,0.1,0.3,0.3,0.1,0.2,0.1,0.2,0.1,0.1,0.1,0.3,0.1,0.1,0.2,1,"g","sd7r"
"37",0.2,0.1,0.1,0.3,0.3,0.2,0.1,0.3,0.3,0.1,0.1,0.1,0.2,0.1,0.3,0.3,0.1,0.3,0.2,0.1,0.1,0.2,0.1,0.3,0.3,0.1,0.1,0.1,0.2,0.3,0.1,0.2,0.3,0.3,0.2,0.1,0.2,0.3,0.3,0.3,0.3,0.2,0.2,0.3,0.3,0.1,0.3,0.3,0.1,0.2,0.1,0.2,0.1,0.1,0.3,0.3,0.2,0.1,0.3,0.1,0.2,0.2,0.3,0.2,0.3,0.2,0.2,0.1,0.2,0.3,0.3,0.2,0.1,0.2,0.3,0.2,0.1,0.1,0.1,0.1,0.3,0.3,0.3,0.2,0.3,0.1,0.1,0.1,0.3,0.1,0.3,0.2,0.2,0.1,0.3,0.2,0.2,0,"f","-1i-2kurw"
"38",0.1,0.2,0.1,0.3,0.3,0.3,0.3,0.1,0.2,0.2,0.1,0.1,0.2,0.3,0.2,0.2,0.3,0.1,0.2,0.2,0.2,0.3,0.1,0.3,0.2,0.1,0.3,0.3,0.2,0.1,0.2,0.3,0.2,0.3,0.3,0.1,0.2,0.1,0.2,0.3,0.2,0.1,0.2,0.2,0.3,0.2,0.1,0.3,0.2,0.1,0.2,0.2,0.3,0.1,0.1,0.2,0.2,0.3,0.1,0.2,0.3,0.3,0.3,0.3,0.1,0.1,0.1,0.2,0.1,0.3,0.1,0.1,0.3,0.1,0.1,0.3,0.1,0.3,0.3,0.1,0.3,0.1,0.3,0.1,0.2,0.1,0.1,0.2,0.2,0.2,0.3,0.3,0.1,0.2,0.3,0.2,0.3,-1,"l","6"
"39",0.2,0.3,0.1,0.1,0.2,0.1,0.1,0.2,0.1,0.3,0.3,0.1,0.2,0.1,0.1,0.3,0.3,0.2,0.2,0.1,0.2,0.3,0.2,0.3,0.1,0.1,0.2,0.2,0.2,0.3,0.1,0.1,0.1,0.1,0.2,0.3,0.3,0.1,0.2,0.3,0.1,0.2,0.3,0.2,0.1,0.3,0.2,0.1,0.3,0.3,0.2,0.1,0.1,0.2,0.2,0.2,0.1,0.2,0.1,0.2,0.2,0.1,0.1,0.2,0.2,0.2,0.1,0.1,0.3,0.1,0.2,0.1,0.3,0.1,0.2,0.2,0.3,0.1,0.2,0.2,0.2,0.1,0.3,0.3,0.1,0.3,0.1,0.3,0.1,0.1,0.2,0.1,0.1,0.2,0.1,0.3,0.2,-1,"j","kz7a6"
"40",0.2,0.1,0.1,0.1,0.3,0.2,0.2,0.1,0.3,0.1,0.2,0.1,0.3,0.3,0.2,0.3,0.3,0.1,0.2,0.1,0.3,0.2,0.2,0.2,0.1,0.2,0.1,0.1,0.1,0.2,0.2,0.3,0.2,0.1,0.2,0.1,0.3,0.3,0.3,0.1,0.2,0.2,0.2,0.1,0.1,0.2,0.3,0.2,0.2,0.3,0.3,0.3,0.1,0.3,0.1,0.2,0.1,0.1,0.3,0.1,0.3,0.1,0.2,0.3,0.1,0.1,0.1,0.3,0.3,0.3,0.2,0.1,0.1,0.3,0.1,0.3,0.3,0.1,0.3,0.2,0.2,0.1,0.1,0.1,0.3,0.2,0.3,0.2,0.3,0.1,0.3,0.1,0.2,0.3,0.1,0.3,0.1,-1,"y","iza"
"41",0.1,0.1,0.1,0.2,0.3,0.2,0.2,0.1,0.2,0.2,0.2,0.3,0.2,0.3,0.3,0.2,0.2,0.2,0.2,0.2,0.1,0.3,0.2,0.3,0.3,0.3,0.3,0.1,0.2,0.1,0.3,0.3,0.3,0.2,0.2,0.3,0.2,0.1,0.2,0.3,0.2,0.1,0.1,0.2,0.1,0.1,0.2,0.1,0.1,0.3,0.3,0.2,0.3,0.2,0.1,0.3,0.3,0.3,0.3,0.2,0.1,0.1,0.3,0.2,0.1,0.2,0.2,0.3,0.1,0.2,0.3,0.3,0.1,0.3,0.2,0.2,0.3,0.1,0.3,0.1,0.2,0.1,0.1,0.1,0.2,0.2,0.3,0.3,0.2,0.1,0.1,0.1,0.1,0.2,0.1,0.2,0.1,1,"f","af-8t-5eq"
"42",0.2,0.1,0.2,0.2,0.3,0.1,0.1,0.3,0.1,0.2,0.1,0.1,0.1,0.3,0.1,0.3,0.2,0.2,0.2,0.1,0.1,0.2,0.1,0.3,0.1,0.3,0.2,0.2,0.2,0.1,0.3,0.2,0.2,0.3,0.3,0.3,0.3,0.1,0.2,0.2,0.2,0.2,0.1,0.3,0.1,0.2,0.3,0.3,0.3,0.1,0.3,0.3,0.1,0.3,0.3,0.3,0.2,0.2,0.1,0.2,0.1,0.2,0.3,0.1,0.1,0.3,0.3,0.3,0.1,0.1,0.1,0.2,0.1,0.2,0.3,0.1,0.2,0.1,0.2,0.1,0.2,0.3,0.1,0.1,0.1,0.3,0.1,0.2,0.1,0.3,0.2,0.3,0.2,0.2,0.2,0.1,0.2,0,"x","-2e4"
"43",0.3,0.1,0.2,0.1,0.1,0.1,0.3,0.1,0.2,0.2,0.3,0.1,0.1,0.3,0.1,0.2,0.1,0.2,0.2,0.1,0.3,0.1,0.1,0.3,0.2,0.1,0.2,0.1,0.2,0.2,0.2,0.2,0.1,0.1,0.1,0.3,0.1,0.1,0.2,0.3,0.3,0.2,0.3,0.3,0.3,0.2,0.2,0.1,0.3,0.1,0.2,0.3,0.2,0.1,0.2,0.3,0.3,0.1,0.1,0.1,0.2,0.3,0.3,0.3,0.2,0.2,0.1,0.3,0.3,0.2,0.1,0.1,0.3,0.1,0.3,0.2,0.3,0.1,0.3,0.1,0.2,0.2,0.1,0.3,0.3,0.1,0.3,0.2,0.2,0.1,0.1,0.3,0.2,0.1,0.2,0.3,0.2,1,"q","80vpsi-1"
"44",0.1,0.3,0.3,0.2,0.1,0.2,0.3,0.3,0.2,0.2,0.3,0.1,0.2,0.1,0.2,0.2,0.2,0.3,0.2,0.1,0.1,0.2,0.2,0.3,0.3,0.1,0.2,0.1,0.2,0.2,0.2,0.1,0.2,0.1,0.2,0.2,0.2,0.2,0.1,0.1,0.3,0.2,0.1,0.2,0.1,0.3,0.3,0.1,0.3,0.1,0.3,0.3,0.3,0.3,0.3,0.2,0.1,0.1,0.3,0.3,0.3,0.3,0.3,0.3,0.1,0.1,0.3,0.1,0.3,0.1,0.2,0.1,0.2,0.2,0.2,0.1,0.3,0.2,0.1,0.2,0.1,0.1,0.1,0.3,0.2,0.1,0.2,0.1,0.2,0.2,0.1,0.2,0.1,0.3,0.3,0.1,0.2,-1,"j","t5-1-4"
"45",0.3,0.2,0.2,0.1,0.3,0.3,0.1,0.3,0.2,0.3,0.1,0.2,0.1,0.3,0.3,0.2,0.3,0.1,0.3,0.3,0.1,0.1,0.2,0.2,0.1,0.2,0.1,0.1,0.2,0.1,0.2,0.3,0.2,0.1,0.2,0.3,0.2,0.2,0.2,0.1,0.1,0.3,0.3,0.1,0.3,0.2,0.3,0.3,0.2,0.2,0.3,0.3,0.3,0.3,0.3,0.1,0.2,0.3,0.1,0.3,0.3,0.3,0.3,0.2,0.3,0.1,0.2,0.3,0.3,0.3,0.2,0.3,0.1,0.3,0.3,0.1,0.1,0.3,0.3,0.1,0.1,0.3,0.3,0.2,0.3,0.2,0.2,0.2,0.1,0.1,0.1,0.1,0.2,0.1,0.3,0.3,0.1,1,"l","-8-3"
"46",0.1,0.2,0.1,0.2,0.2,0.1,0.3,0.3,0.2,0.1,0.2,0.1,0.1,0.2,0.3,0.1,0.3,0.3,0.3,0.3,0.3,0.1,0.3,0.1,0.2,0.3,0.2,0.3,0.3,0.3,0.3,0.3,0.1,0.1,0.1,0.3,0.3,0.3,0.1,0.3,0.2,0.3,0.3,0.1,0.3,0.3,0.1,0.1,0.2,0.1,0.2,0.1,0.2,0.3,0.2,0.1,0.1,0.2,0.2,0.2,0.2,0.1,0.3,0.2,0.2,0.1,0.2,0.2,0.3,0.3,0.1,0.1,0.1,0.2,0.2,0.3,0.3,0.1,0.1,0.1,0.2,0.1,0.3,0.3,0.2,0.1,0.3,0.1,0.3,0.1,0.2,0.2,0.1,0.3,0.2,0.2,0.2,0,"t","3-1cy8"
"47",0.2,0.1,0.3,0.1,0.2,0.3,0.1,0.1,0.3,0.1,0.2,0.2,0.1,0.3,0.2,0.3,0.3,0.1,0.1,0.2,0.2,0.3,0.2,0.3,0.2,0.3,0.3,0.3,0.1,0.1,0.3,0.1,0.3,0.2,0.2,0.3,0.3,0.2,0.2,0.2,0.3,0.3,0.3,0.1,0.2,0.1,0.1,0.1,0.3,0.1,0.2,0.1,0.1,0.2,0.3,0.1,0.3,0.2,0.2,0.2,0.3,0.2,0.2,0.1,0.2,0.3,0.2,0.1,0.2,0.1,0.3,0.1,0.3,0.2,0.2,0.3,0.3,0.2,0.2,0.2,0.1,0.1,0.3,0.1,0.2,0.2,0.2,0.1,0.3,0.2,0.1,0.2,0.2,0.2,0.2,0.3,0.3,-1,"k","r0-6-8"
"48",0.1,0.2,0.2,0.1,0.1,0.1,0.1,0.1,0.3,0.1,0.3,0.1,0.3,0.3,0.3,0.3,0.3,0.2,0.3,0.2,0.1,0.1,0.1,0.1,0.1,0.2,0.3,0.1,0.3,0.1,0.3,0.3,0.2,0.3,0.2,0.2,0.3,0.2,0.3,0.2,0.3,0.3,0.1,0.1,0.2,0.3,0.2,0.1,0.1,0.2,0.2,0.2,0.1,0.3,0.1,0.1,0.1,0.1,0.2,0.3,0.2,0.1,0.3,0.1,0.2,0.1,0.1,0.3,0.3,0.3,0.2,0.3,0.2,0.1,0.3,0.3,0.1,0.2,0.2,0.3,0.3,0.3,0.2,0.2,0.1,0.2,0.3,0.3,0.3,0.1,0.1,0.2,0.1,0.2,0.3,0.1,0.2,0,"m","q"
"49",0.3,0.2,0.3,0.3,0.2,0.2,0.3,0.2,0.2,0.1,0.3,0.1,0.2,0.1,0.2,0.3,0.2,0.2,0.2,0.1,0.3,0.3,0.1,0.3,0.2,0.3,0.2,0.2,0.3,0.2,0.2,0.2,0.1,0.1,0.3,0.2,0.2,0.3,0.3,0.2,0.3,0.3,0.3,0.1,0.1,0.2,0.3,0.3,0.1,0.1,0.3,0.3,0.3,0.1,0.1,0.1,0.1,0.3,0.3,0.3,0.3,0.2,0.2,0.2,0.3,0.3,0.3,0.2,0.2,0.1,0.1,0.1,0.3,0.2,0.3,0.2,0.1,0.2,0.1,0.3,0.1,0.1,0.2,0.1,0.1,0.2,0.2,0.3,0.1,0.3,0.1,0.1,0.1,0.2,0.2,0.3,0.2,-1,"x","zwl8"
"50",0.1,0.2,0.2,0.1,0.1,0.2,0.1,0.1,0.2,0.1,0.2,0.2,0.2,0.1,0.2,0.3,0.3,0.2,0.1,0.3,0.2,0.3,0.2,0.1,0.2,0.1,0.1,0.1,0.1,0.1,0.1,0.1,0.2,0.3,0.1,0.1,0.1,0.2,0.1,0.2,0.1,0.1,0.3,0.3,0.3,0.3,0.1,0.1,0.2,0.2,0.2,0.1,0.1,0.2,0.2,0.2,0.2,0.1,0.2,0.1,0.1,0.1,0.1,0.3,0.1,0.3,0.1,0.1,0.1,0.3,0.3,0.2,0.3,0.1,0.1,0.3,0.2,0.3,0.3,0.2,0.1,0.1,0.1,0.2,0.1,0.2,0.2,0.3,0.3,0.1,0.1,0.1,0.3,0.1,0.3,0.3,0.2,-1,"l","te-7lq"
"51",0.2,0.1,0.2,0.3,0.2,0.1,0.1,0.3,0.3,0.3,0.3,0.3,0.1,0.2,0.3,0.3,0.3,0.1,0.3,0.2,0.1,0.2,0.1,0.2,0.1,0.2,0.1,0.3,0.3,0.1,0.1,0.2,0.2,0.1,0.1,0.2,0.2,0.3,0.1,0.1,0.3,0.1,0.1,0.2,0.3,0.1,0.1,0.1,0.1,0.2,0.2,0.1,0.2,0.3,0.1,0.1,0.2,0.2,0.3,0.1,0.2,0.1,0.1,0.3,0.3,0.3,0.1,0.3,0.1,0.3,0.3,0.2,0.3,0.2,0.2,0.2,0.3,0.2,0.3,0.3,0.2,0.3,0.3,0.3,0.1,0.2,0.3,0.1,0.2,0.3,0.1,0.3,0.2,0.2,0.1,0.1,0.2,-1,"v","s07apv1"
"52",0.1,0.2,0.1,0.3,0.3,0.3,0.3,0.1,0.1,0.1,0.2,0.3,0.1,0.3,0.1,0.2,0.2,0.3,0.2,0.2,0.1,0.2,0.3,0.3,0.1,0.2,0.1,0.3,0.3,0.3,0.1,0.1,0.3,0.3,0.1,0.3,0.3,0.2,0.1,0.3,0.3,0.1,0.1,0.3,0.2,0.1,0.2,0.2,0.2,0.3,0.3,0.3,0.1,0.2,0.2,0.3,0.1,0.3,0.2,0.3,0.3,0.3,0.3,0.3,0.1,0.2,0.3,0.3,0.3,0.1,0.3,0.2,0.3,0.3,0.1,0.2,0.1,0.2,0.2,0.2,0.3,0.3,0.3,0.1,0.2,0.3,0.2,0.1,0.1,0.3,0.3,0.1,0.1,0.2,0.3,0.3,0.2,0,"y","-7"
"53",0.1,0.3,0.3,0.1,0.1,0.2,0.1,0.2,0.2,0.1,0.3,0.1,0.3,0.1,0.2,0.2,0.1,0.3,0.2,0.3,0.1,0.3,0.3,0.1,0.3,0.2,0.1,0.3,0.2,0.2,0.2,0.3,0.1,0.3,0.1,0.3,0.1,0.3,0.2,0.1,0.2,0.3,0.3,0.1,0.3,0.3,0.1,0.3,0.1,0.2,0.3,0.3,0.2,0.3,0.1,0.2,0.2,0.1,0.1,0.3,0.1,0.3,0.2,0.2,0.3,0.1,0.3,0.1,0.2,0.3,0.2,0.3,0.1,0.1,0.2,0.1,0.2,0.2,0.2,0.3,0.1,0.2,0.2,0.1,0.2,0.1,0.2,0.1,0.2,0.2,0.3,0.1,0.2,0.3,0.1,0.3,0.2,0,"s","-9e-256bs"
"54",0.2,0.3,0.2,0.1,0.1,0.3,0.3,0.1,0.3,0.3,0.3,0.3,0.1,0.2,0.3,0.3,0.2,0.1,0.1,0.2,0.1,0.1,0.3,0.1,0.3,0.3,0.3,0.3,0.2,0.2,0.1,0.3,0.2,0.2,0.1,0.1,0.3,0.3,0.1,0.2,0.1,0.2,0.2,0.1,0.1,0.3,0.2,0.3,0.3,0.3,0.2,0.1,0.1,0.2,0.2,0.3,0.1,0.3,0.3,0.3,0.2,0.1,0.2,0.2,0.3,0.3,0.2,0.1,0.1,0.2,0.3,0.1,0.2,0.2,0.2,0.3,0.1,0.1,0.3,0.1,0.2,0.3,0.2,0.3,0.1,0.1,0.3,0.1,0.2,0.1,0.2,0.3,0.1,0.2,0.1,0.1,0.1,0,"a","-4b37u0h"
"55",0.1,0.2,0.3,0.3,0.3,0.2,0.1,0.2,0.2,0.3,0.1,0.1,0.2,0.3,0.3,0.2,0.2,0.1,0.2,0.2,0.1,0.2,0.2,0.2,0.3,0.3,0.1,0.1,0.3,0.3,0.3,0.1,0.1,0.2,0.1,0.2,0.1,0.2,0.1,0.3,0.2,0.2,0.3,0.2,0.1,0.3,0.3,0.1,0.3,0.1,0.1,0.3,0.2,0.1,0.3,0.3,0.3,0.3,0.2,0.1,0.3,0.1,0.1,0.2,0.2,0.2,0.1,0.3,0.2,0.3,0.3,0.3,0.2,0.3,0.2,0.2,0.1,0.3,0.2,0.3,0.1,0.1,0.3,0.3,0.2,0.3,0.2,0.2,0.3,0.3,0.1,0.1,0.3,0.3,0.1,0.3,0.3,-1,"q","v9m"
"56",0.1,0.2,0.3,0.3,0.2,0.2,0.2,0.1,0.1,0.1,0.3,0.2,0.1,0.3,0.2,0.3,0.1,0.2,0.2,0.2,0.1,0.1,0.3,0.3,0.3,0.2,0.3,0.1,0.2,0.2,0.3,0.1,0.3,0.1,0.1,0.3,0.3,0.3,0.3,0.1,0.3,0.2,0.1,0.3,0.2,0.3,0.1,0.3,0.1,0.1,0.1,0.1,0.3,0.3,0.2,0.1,0.2,0.3,0.2,0.1,0.3,0.1,0.1,0.1,0.1,0.3,0.2,0.3,0.2,0.1,0.3,0.2,0.1,0.2,0.2,0.1,0.3,0.2,0.2,0.2,0.3,0.3,0.1,0.3,0.2,0.3,0.2,0.1,0.1,0.3,0.1,0.2,0.1,0.3,0.1,0.1,0.3,0,"t","-5rbmse2"
"57",0.1,0.2,0.1,0.3,0.3,0.3,0.3,0.3,0.1,0.3,0.3,0.3,0.2,0.1,0.3,0.2,0.1,0.3,0.3,0.2,0.3,0.1,0.3,0.1,0.1,0.1,0.3,0.2,0.1,0.1,0.3,0.3,0.1,0.1,0.3,0.3,0.1,0.2,0.1,0.1,0.1,0.2,0.1,0.1,0.3,0.2,0.2,0.3,0.1,0.3,0.2,0.2,0.3,0.1,0.1,0.3,0.1,0.1,0.3,0.2,0.3,0.3,0.3,0.1,0.1,0.3,0.3,0.2,0.1,0.3,0.3,0.1,0.3,0.2,0.1,0.3,0.1,0.1,0.1,0.1,0.3,0.2,0.1,0.1,0.1,0.2,0.1,0.2,0.3,0.1,0.3,0.3,0.2,0.3,0.1,0.1,0.1,1,"m","-5lfc6-4"
"58",0.3,0.2,0.1,0.2,0.3,0.1,0.3,0.1,0.3,0.1,0.2,0.1,0.3,0.3,0.2,0.2,0.1,0.1,0.2,0.1,0.3,0.3,0.2,0.2,0.1,0.3,0.3,0.2,0.2,0.1,0.1,0.2,0.3,0.3,0.2,0.3,0.1,0.3,0.2,0.1,0.1,0.1,0.2,0.2,0.2,0.1,0.1,0.2,0.1,0.3,0.2,0.2,0.3,0.3,0.3,0.1,0.2,0.2,0.3,0.1,0.3,0.2,0.2,0.2,0.1,0.2,0.2,0.2,0.3,0.1,0.2,0.3,0.3,0.2,0.2,0.2,0.2,0.2,0.3,0.2,0.1,0.2,0.3,0.3,0.1,0.1,0.3,0.2,0.1,0.2,0.3,0.3,0.2,0.1,0.1,0.1,0.3,-1,"k","mb-49u"
"59",0.3,0.1,0.1,0.1,0.2,0.3,0.2,0.2,0.1,0.2,0.1,0.2,0.3,0.3,0.2,0.2,0.1,0.3,0.2,0.3,0.1,0.3,0.2,0.2,0.1,0.3,0.3,0.3,0.1,0.1,0.3,0.3,0.3,0.3,0.1,0.3,0.3,0.1,0.2,0.1,0.1,0.2,0.1,0.1,0.3,0.3,0.3,0.3,0.3,0.2,0.2,0.1,0.3,0.2,0.2,0.2,0.2,0.1,0.1,0.1,0.1,0.2,0.1,0.2,0.1,0.3,0.2,0.3,0.1,0.2,0.3,0.1,0.2,0.1,0.2,0.1,0.3,0.3,0.2,0.3,0.3,0.3,0.3,0.1,0.1,0.3,0.3,0.1,0.1,0.1,0.1,0.2,0.3,0.1,0.2,0.1,0.2,1,"c","-2gu-1kh"
"60",0.3,0.2,0.1,0.3,0.1,0.3,0.3,0.3,0.2,0.3,0.1,0.3,0.1,0.2,0.3,0.2,0.2,0.3,0.1,0.2,0.3,0.1,0.3,0.1,0.2,0.2,0.1,0.3,0.2,0.1,0.1,0.3,0.3,0.3,0.1,0.1,0.1,0.2,0.2,0.3,0.3,0.2,0.3,0.3,0.3,0.3,0.1,0.1,0.2,0.3,0.3,0.3,0.1,0.2,0.2,0.3,0.1,0.2,0.1,0.3,0.3,0.3,0.2,0.1,0.2,0.2,0.1,0.1,0.3,0.3,0.2,0.3,0.2,0.3,0.3,0.2,0.3,0.3,0.3,0.2,0.2,0.1,0.3,0.3,0.2,0.3,0.1,0.3,0.2,0.3,0.2,0.3,0.3,0.1,0.1,0.2,0.2,0,"k","ga"
"61",0.2,0.1,0.2,0.3,0.2,0.2,0.2,0.3,0.3,0.1,0.3,0.2,0.1,0.2,0.3,0.2,0.3,0.3,0.1,0.3,0.2,0.3,0.2,0.1,0.2,0.3,0.2,0.2,0.2,0.2,0.3,0.3,0.1,0.2,0.3,0.2,0.2,0.1,0.1,0.3,0.2,0.1,0.3,0.2,0.3,0.1,0.3,0.1,0.2,0.3,0.3,0.3,0.2,0.1,0.3,0.2,0.1,0.1,0.1,0.3,0.3,0.2,0.2,0.1,0.1,0.1,0.1,0.2,0.3,0.2,0.1,0.1,0.1,0.1,0.1,0.2,0.2,0.3,0.2,0.3,0.1,0.2,0.3,0.2,0.3,0.2,0.3,0.2,0.1,0.3,0.2,0.3,0.2,0.3,0.2,0.1,0.2,0,"f","-5t-64e"
"62",0.1,0.3,0.3,0.3,0.2,0.2,0.2,0.1,0.3,0.2,0.1,0.1,0.2,0.3,0.3,0.2,0.3,0.3,0.2,0.1,0.3,0.2,0.3,0.2,0.1,0.1,0.1,0.1,0.1,0.3,0.3,0.1,0.1,0.3,0.2,0.3,0.1,0.1,0.2,0.2,0.1,0.3,0.2,0.1,0.1,0.1,0.3,0.2,0.3,0.3,0.2,0.1,0.3,0.3,0.1,0.1,0.1,0.1,0.3,0.1,0.1,0.1,0.1,0.2,0.2,0.2,0.1,0.1,0.2,0.1,0.1,0.1,0.2,0.2,0.2,0.1,0.3,0.3,0.2,0.2,0.3,0.3,0.2,0.2,0.3,0.2,0.3,0.3,0.1,0.3,0.1,0.2,0.1,0.3,0.2,0.3,0.2,-1,"p","p60w-2"
"63",0.3,0.3,0.1,0.2,0.3,0.3,0.1,0.1,0.3,0.3,0.2,0.1,0.3,0.2,0.1,0.1,0.2,0.2,0.2,0.2,0.3,0.1,0.2,0.2,0.3,0.1,0.2,0.1,0.2,0.3,0.3,0.3,0.2,0.1,0.2,0.2,0.2,0.2,0.1,0.2,0.1,0.1,0.2,0.1,0.3,0.1,0.2,0.3,0.1,0.3,0.3,0.3,0.1,0.3,0.2,0.2,0.3,0.3,0.1,0.1,0.2,0.2,0.2,0.2,0.2,0.1,0.2,0.1,0.3,0.3,0.3,0.3,0.2,0.3,0.3,0.3,0.2,0.1,0.3,0.2,0.1,0.3,0.1,0.3,0.3,0.3,0.3,0.3,0.3,0.1,0.2,0.1,0.3,0.3,0.1,0.1,0.1,-1,"h","z7lw2sj"
"64",0.1,0.2,0.1,0.2,0.1,0.2,0.2,0.2,0.1,0.1,0.2,0.3,0.3,0.2,0.2,0.1,0.2,0.2,0.2,0.2,0.1,0.2,0.2,0.2,0.2,0.1,0.2,0.2,0.2,0.3,0.1,0.2,0.1,0.3,0.3,0.3,0.1,0.3,0.2,0.2,0.2,0.1,0.2,0.3,0.1,0.2,0.1,0.2,0.1,0.3,0.3,0.3,0.1,0.1,0.3,0.3,0.3,0.2,0.3,0.3,0.1,0.3,0.2,0.3,0.1,0.2,0.1,0.1,0.2,0.2,0.2,0.3,0.3,0.3,0.3,0.1,0.3,0.1,0.3,0.2,0.3,0.3,0.1,0.2,0.2,0.1,0.2,0.1,0.1,0.1,0.1,0.2,0.3,0.1,0.3,0.3,0.3,-1,"i","87-54"
"65",0.3,0.2,0.1,0.2,0.2,0.3,0.3,0.2,0.1,0.2,0.1,0.2,0.1,0.3,0.3,0.1,0.3,0.2,0.2,0.1,0.2,0.3,0.2,0.2,0.2,0.2,0.2,0.2,0.3,0.2,0.3,0.1,0.3,0.3,0.1,0.3,0.2,0.1,0.1,0.1,0.1,0.2,0.1,0.3,0.3,0.2,0.2,0.3,0.3,0.3,0.1,0.2,0.1,0.3,0.2,0.3,0.1,0.3,0.3,0.1,0.1,0.3,0.2,0.2,0.3,0.3,0.2,0.1,0.1,0.3,0.3,0.1,0.1,0.1,0.2,0.2,0.2,0.3,0.1,0.2,0.3,0.1,0.1,0.1,0.2,0.1,0.3,0.1,0.1,0.1,0.1,0.3,0.3,0.3,0.2,0.1,0.1,-1,"l","6r-3-1agv"
"66",0.2,0.1,0.2,0.1,0.2,0.3,0.3,0.3,0.2,0.1,0.2,0.2,0.2,0.1,0.3,0.1,0.3,0.3,0.1,0.2,0.1,0.3,0.2,0.2,0.3,0.1,0.1,0.1,0.1,0.3,0.1,0.2,0.2,0.1,0.1,0.1,0.3,0.2,0.2,0.3,0.2,0.1,0.3,0.2,0.1,0.1,0.2,0.1,0.1,0.2,0.1,0.2,0.2,0.1,0.1,0.3,0.1,0.3,0.1,0.3,0.2,0.1,0.1,0.2,0.1,0.2,0.2,0.2,0.3,0.2,0.2,0.3,0.2,0.3,0.3,0.3,0.2,0.2,0.1,0.2,0.3,0.1,0.3,0.1,0.1,0.2,0.3,0.2,0.2,0.3,0.3,0.1,0.3,0.2,0.1,0.2,0.1,1,"k","5-91-73-8w"
"67",0.2,0.2,0.1,0.1,0.2,0.3,0.1,0.2,0.1,0.3,0.3,0.1,0.1,0.1,0.1,0.1,0.2,0.1,0.3,0.1,0.2,0.2,0.1,0.1,0.2,0.3,0.2,0.3,0.1,0.1,0.1,0.3,0.1,0.2,0.3,0.3,0.3,0.3,0.3,0.1,0.3,0.3,0.3,0.1,0.2,0.1,0.3,0.1,0.1,0.2,0.1,0.3,0.3,0.2,0.3,0.2,0.1,0.1,0.2,0.2,0.1,0.3,0.1,0.3,0.3,0.3,0.1,0.1,0.3,0.3,0.2,0.3,0.1,0.3,0.1,0.2,0.3,0.2,0.3,0.1,0.2,0.3,0.2,0.3,0.3,0.2,0.1,0.1,0.1,0.1,0.2,0.3,0.1,0.1,0.3,0.2,0.1,1,"t","cq1952os"
"68",0.2,0.1,0.2,0.2,0.3,0.3,0.2,0.3,0.3,0.2,0.2,0.2,0.1,0.3,0.3,0.3,0.1,0.1,0.2,0.1,0.3,0.1,0.2,0.2,0.1,0.3,0.3,0.1,0.1,0.1,0.3,0.2,0.3,0.3,0.2,0.3,0.2,0.3,0.2,0.3,0.2,0.3,0.3,0.3,0.3,0.2,0.1,0.1,0.1,0.1,0.1,0.3,0.2,0.2,0.1,0.2,0.1,0.3,0.2,0.3,0.2,0.3,0.1,0.1,0.1,0.1,0.2,0.2,0.2,0.3,0.1,0.3,0.2,0.1,0.1,0.1,0.2,0.1,0.3,0.2,0.2,0.3,0.1,0.3,0.1,0.2,0.1,0.2,0.1,0.2,0.2,0.2,0.3,0.2,0.3,0.1,0.3,-1,"s","pzj9"
"69",0.3,0.2,0.3,0.2,0.2,0.3,0.1,0.2,0.3,0.3,0.2,0.2,0.3,0.3,0.3,0.2,0.3,0.3,0.3,0.2,0.1,0.2,0.1,0.2,0.3,0.1,0.3,0.2,0.1,0.1,0.2,0.3,0.2,0.3,0.1,0.1,0.3,0.3,0.2,0.2,0.1,0.1,0.1,0.2,0.3,0.3,0.3,0.2,0.3,0.2,0.1,0.3,0.3,0.1,0.2,0.2,0.2,0.3,0.1,0.1,0.3,0.3,0.1,0.3,0.1,0.3,0.3,0.3,0.3,0.1,0.2,0.2,0.3,0.3,0.3,0.2,0.2,0.2,0.1,0.3,0.3,0.2,0.3,0.1,0.3,0.2,0.3,0.3,0.2,0.2,0.1,0.3,0.2,0.2,0.2,0.1,0.3,0,"x","b7-36l-5"
"70",0.3,0.2,0.2,0.2,0.2,0.2,0.1,0.1,0.2,0.2,0.1,0.2,0.1,0.2,0.3,0.3,0.2,0.2,0.2,0.1,0.2,0.1,0.1,0.2,0.3,0.3,0.3,0.3,0.3,0.1,0.3,0.3,0.3,0.1,0.1,0.1,0.1,0.3,0.3,0.1,0.2,0.2,0.3,0.1,0.1,0.3,0.2,0.3,0.3,0.3,0.2,0.1,0.2,0.3,0.3,0.1,0.2,0.1,0.2,0.3,0.3,0.1,0.2,0.1,0.1,0.3,0.1,0.3,0.3,0.1,0.1,0.2,0.3,0.1,0.3,0.2,0.2,0.1,0.3,0.3,0.3,0.1,0.2,0.2,0.3,0.2,0.3,0.3,0.1,0.1,0.2,0.3,0.1,0.1,0.1,0.3,0.3,1,"c","nj-7k-4"
"71",0.2,0.1,0.1,0.1,0.3,0.3,0.2,0.1,0.3,0.2,0.2,0.3,0.2,0.3,0.1,0.3,0.2,0.3,0.1,0.2,0.1,0.3,0.2,0.3,0.2,0.3,0.3,0.1,0.1,0.1,0.2,0.1,0.2,0.1,0.3,0.2,0.3,0.3,0.2,0.1,0.2,0.1,0.3,0.3,0.3,0.1,0.2,0.2,0.3,0.3,0.2,0.2,0.1,0.2,0.3,0.1,0.3,0.3,0.1,0.2,0.1,0.3,0.2,0.2,0.3,0.1,0.1,0.3,0.2,0.2,0.1,0.1,0.3,0.1,0.1,0.1,0.1,0.3,0.1,0.3,0.1,0.1,0.2,0.3,0.1,0.2,0.3,0.2,0.3,0.1,0.1,0.1,0.3,0.1,0.3,0.1,0.2,1,"w","-5k7"
"72",0.1,0.3,0.2,0.3,0.2,0.1,0.2,0.3,0.3,0.1,0.3,0.1,0.1,0.3,0.3,0.3,0.2,0.3,0.3,0.1,0.2,0.2,0.2,0.3,0.1,0.3,0.2,0.3,0.3,0.1,0.2,0.3,0.3,0.1,0.3,0.1,0.3,0.1,0.1,0.1,0.3,0.2,0.1,0.2,0.2,0.1,0.2,0.3,0.1,0.1,0.2,0.3,0.2,0.3,0.3,0.1,0.3,0.3,0.1,0.2,0.3,0.3,0.1,0.3,0.2,0.1,0.1,0.2,0.2,0.3,0.2,0.2,0.1,0.1,0.2,0.1,0.1,0.1,0.1,0.2,0.3,0.1,0.1,0.3,0.1,0.2,0.2,0.2,0.1,0.3,0.3,0.2,0.2,0.3,0.3,0.2,0.2,1,"x","a6vuc-1"
"73",0.3,0.1,0.3,0.1,0.2,0.3,0.3,0.2,0.3,0.3,0.3,0.1,0.3,0.2,0.1,0.1,0.1,0.2,0.2,0.1,0.2,0.3,0.1,0.1,0.2,0.1,0.3,0.2,0.2,0.2,0.3,0.2,0.3,0.1,0.3,0.2,0.2,0.3,0.1,0.2,0.1,0.3,0.1,0.1,0.2,0.3,0.3,0.1,0.1,0.3,0.1,0.2,0.1,0.2,0.1,0.3,0.3,0.3,0.2,0.2,0.3,0.2,0.3,0.2,0.2,0.2,0.2,0.2,0.2,0.2,0.1,0.3,0.1,0.3,0.3,0.1,0.1,0.2,0.1,0.3,0.3,0.3,0.1,0.2,0.3,0.1,0.3,0.3,0.1,0.3,0.2,0.3,0.1,0.1,0.3,0.3,0.2,0,"s","2"
"74",0.3,0.1,0.1,0.2,0.2,0.2,0.3,0.1,0.2,0.2,0.2,0.3,0.1,0.2,0.1,0.2,0.3,0.1,0.1,0.3,0.2,0.1,0.1,0.1,0.1,0.2,0.2,0.1,0.2,0.1,0.3,0.3,0.1,0.1,0.2,0.2,0.2,0.2,0.1,0.3,0.2,0.3,0.3,0.2,0.2,0.3,0.2,0.2,0.1,0.1,0.2,0.1,0.1,0.3,0.1,0.3,0.1,0.1,0.2,0.3,0.3,0.1,0.3,0.1,0.2,0.1,0.1,0.3,0.1,0.3,0.1,0.1,0.3,0.2,0.1,0.3,0.3,0.2,0.2,0.1,0.2,0.1,0.1,0.2,0.3,0.2,0.2,0.1,0.1,0.1,0.2,0.1,0.2,0.3,0.3,0.3,0.1,-1,"n","dt-9"
"75",0.2,0.2,0.1,0.3,0.2,0.3,0.3,0.1,0.2,0.2,0.1,0.3,0.2,0.2,0.1,0.2,0.2,0.2,0.2,0.1,0.3,0.2,0.3,0.2,0.3,0.1,0.3,0.3,0.1,0.2,0.1,0.3,0.3,0.2,0.2,0.3,0.2,0.3,0.1,0.3,0.2,0.3,0.2,0.1,0.2,0.1,0.1,0.1,0.1,0.1,0.1,0.1,0.1,0.2,0.1,0.3,0.3,0.3,0.2,0.2,0.3,0.3,0.2,0.2,0.3,0.1,0.1,0.3,0.2,0.3,0.3,0.3,0.2,0.2,0.3,0.2,0.2,0.3,0.1,0.1,0.2,0.2,0.1,0.1,0.3,0.1,0.3,0.2,0.1,0.2,0.1,0.3,0.2,0.1,0.2,0.3,0.1,-1,"y","6q-3nkpao"
"76",0.1,0.3,0.1,0.3,0.2,0.2,0.2,0.2,0.1,0.3,0.2,0.2,0.1,0.1,0.3,0.2,0.2,0.3,0.3,0.1,0.2,0.1,0.3,0.2,0.3,0.2,0.1,0.2,0.2,0.1,0.2,0.2,0.3,0.2,0.2,0.2,0.1,0.2,0.1,0.2,0.3,0.3,0.1,0.1,0.1,0.3,0.2,0.3,0.2,0.3,0.2,0.2,0.2,0.3,0.3,0.3,0.3,0.1,0.3,0.3,0.1,0.2,0.2,0.2,0.1,0.2,0.3,0.2,0.2,0.3,0.1,0.1,0.1,0.1,0.1,0.3,0.3,0.1,0.3,0.3,0.1,0.1,0.3,0.1,0.1,0.2,0.1,0.1,0.2,0.2,0.1,0.3,0.2,0.2,0.2,0.3,0.3,0,"b","x4"
"77",0.2,0.1,0.3,0.3,0.1,0.1,0.1,0.3,0.3,0.3,0.2,0.2,0.2,0.3,0.3,0.2,0.1,0.1,0.2,0.2,0.1,0.2,0.1,0.1,0.2,0.3,0.3,0.3,0.3,0.2,0.3,0.1,0.2,0.2,0.3,0.2,0.2,0.3,0.3,0.1,0.3,0.3,0.1,0.1,0.2,0.3,0.2,0.2,0.1,0.2,0.2,0.2,0.3,0.1,0.2,0.2,0.3,0.3,0.1,0.2,0.3,0.2,0.1,0.1,0.3,0.2,0.2,0.3,0.2,0.3,0.3,0.2,0.2,0.2,0.3,0.2,0.3,0.3,0.2,0.1,0.3,0.2,0.1,0.2,0.3,0.2,0.1,0.2,0.2,0.3,0.1,0.2,0.2,0.2,0.1,0.1,0.3,1,"h","8kvaq"
"78",0.1,0.3,0.3,0.1,0.2,0.1,0.1,0.1,0.2,0.1,0.1,0.1,0.2,0.1,0.1,0.3,0.2,0.2,0.3,0.1,0.1,0.3,0.1,0.1,0.2,0.2,0.1,0.2,0.3,0.3,0.3,0.3,0.1,0.1,0.3,0.1,0.3,0.3,0.2,0.1,0.2,0.2,0.2,0.1,0.1,0.3,0.1,0.1,0.2,0.2,0.1,0.1,0.2,0.1,0.2,0.1,0.3,0.3,0.2,0.2,0.2,0.2,0.1,0.1,0.2,0.2,0.3,0.2,0.1,0.1,0.2,0.2,0.1,0.2,0.1,0.2,0.3,0.1,0.1,0.3,0.2,0.2,0.1,0.3,0.3,0.1,0.1,0.1,0.1,0.2,0.1,0.1,0.3,0.2,0.1,0.1,0.3,-1,"z","-9l0-6"
"79",0.2,0.2,0.2,0.2,0.3,0.2,0.2,0.2,0.2,0.1,0.1,0.2,0.2,0.3,0.3,0.1,0.1,0.1,0.1,0.1,0.3,0.2,0.3,0.2,0.3,0.1,0.1,0.3,0.1,0.3,0.2,0.2,0.3,0.3,0.1,0.3,0.2,0.2,0.2,0.1,0.2,0.1,0.2,0.1,0.1,0.3,0.1,0.1,0.2,0.2,0.2,0.1,0.1,0.2,0.1,0.2,0.2,0.3,0.1,0.3,0.3,0.2,0.1,0.1,0.2,0.3,0.2,0.2,0.2,0.3,0.2,0.1,0.1,0.3,0.1,0.3,0.1,0.3,0.2,0.1,0.1,0.1,0.3,0.3,0.2,0.2,0.2,0.2,0.1,0.3,0.1,0.2,0.1,0.1,0.3,0.1,0.1,-1,"n","-2g"
"80",0.3,0.1,0.2,0.2,0.3,0.3,0.3,0.3,0.3,0.1,0.2,0.1,0.2,0.2,0.3,0.3,0.2,0.3,0.2,0.2,0.1,0.1,0.3,0.2,0.2,0.1,0.1,0.3,0.2,0.2,0.3,0.2,0.2,0.1,0.1,0.1,0.1,0.1,0.1,0.1,0.1,0.3,0.2,0.3,0.2,0.3,0.2,0.3,0.2,0.1,0.2,0.1,0.1,0.1,0.3,0.2,0.1,0.1,0.3,0.3,0.3,0.2,0.3,0.3,0.2,0.1,0.3,0.1,0.1,0.3,0.2,0.3,0.3,0.1,0.2,0.3,0.1,0.2,0.1,0.3,0.1,0.2,0.2,0.2,0.3,0.1,0.3,0.3,0.2,0.3,0.3,0.3,0.3,0.3,0.3,0.3,0.1,1,"o","col-5-4"
"81",0.2,0.1,0.3,0.2,0.1,0.1,0.3,0.3,0.2,0.3,0.1,0.3,0.3,0.2,0.1,0.1,0.2,0.2,0.2,0.2,0.3,0.2,0.1,0.1,0.1,0.1,0.2,0.2,0.1,0.2,0.2,0.2,0.1,0.2,0.2,0.3,0.2,0.2,0.2,0.1,0.1,0.1,0.2,0.2,0.2,0.1,0.1,0.2,0.3,0.2,0.1,0.3,0.2,0.1,0.3,0.1,0.3,0.1,0.1,0.3,0.2,0.2,0.2,0.2,0.2,0.3,0.2,0.3,0.2,0.2,0.2,0.3,0.1,0.1,0.2,0.2,0.3,0.3,0.2,0.2,0.2,0.3,0.1,0.3,0.2,0.1,0.1,0.2,0.2,0.2,0.3,0.2,0.2,0.2,0.1,0.3,0.3,1,"c","x8kf2oe"
"82",0.2,0.2,0.2,0.1,0.1,0.1,0.3,0.2,0.1,0.3,0.3,0.1,0.2,0.1,0.3,0.3,0.3,0.2,0.2,0.2,0.3,0.3,0.1,0.2,0.3,0.3,0.1,0.2,0.3,0.3,0.1,0.3,0.1,0.1,0.3,0.1,0.1,0.3,0.1,0.1,0.2,0.1,0.3,0.1,0.2,0.2,0.1,0.1,0.3,0.2,0.3,0.2,0.2,0.2,0.3,0.1,0.3,0.3,0.3,0.1,0.1,0.2,0.2,0.1,0.2,0.2,0.3,0.2,0.2,0.3,0.3,0.3,0.1,0.1,0.3,0.2,0.2,0.2,0.2,0.1,0.1,0.3,0.3,0.3,0.1,0.1,0.3,0.1,0.3,0.1,0.1,0.2,0.1,0.1,0.3,0.3,0.2,1,"p","1pk"
"83",0.1,0.2,0.1,0.2,0.3,0.2,0.1,0.1,0.1,0.3,0.1,0.1,0.2,0.2,0.3,0.3,0.3,0.3,0.1,0.3,0.2,0.2,0.1,0.3,0.2,0.2,0.1,0.2,0.1,0.2,0.1,0.3,0.3,0.2,0.3,0.1,0.2,0.1,0.3,0.2,0.1,0.3,0.1,0.1,0.2,0.2,0.1,0.2,0.1,0.3,0.2,0.3,0.1,0.2,0.2,0.3,0.3,0.2,0.2,0.1,0.1,0.2,0.1,0.3,0.1,0.2,0.1,0.2,0.3,0.2,0.3,0.2,0.3,0.1,0.1,0.1,0.1,0.2,0.3,0.2,0.1,0.3,0.2,0.2,0.3,0.1,0.2,0.3,0.2,0.3,0.3,0.3,0.1,0.2,0.1,0.3,0.3,1,"u","2tos"
"84",0.1,0.1,0.2,0.3,0.1,0.2,0.3,0.1,0.2,0.2,0.3,0.1,0.1,0.2,0.1,0.1,0.1,0.2,0.2,0.3,0.3,0.2,0.3,0.3,0.3,0.3,0.1,0.1,0.2,0.3,0.1,0.1,0.1,0.3,0.2,0.2,0.2,0.1,0.3,0.3,0.3,0.2,0.2,0.3,0.2,0.3,0.1,0.3,0.3,0.3,0.1,0.1,0.2,0.2,0.3,0.3,0.2,0.3,0.2,0.1,0.1,0.2,0.2,0.2,0.1,0.3,0.1,0.2,0.3,0.3,0.1,0.1,0.2,0.1,0.1,0.3,0.2,0.1,0.2,0.3,0.2,0.3,0.2,0.1,0.2,0.3,0.2,0.3,0.2,0.1,0.2,0.3,0.3,0.1,0.1,0.2,0.2,-1,"x","bc-7-33"
"85",0.3,0.2,0.3,0.3,0.1,0.2,0.3,0.1,0.3,0.2,0.1,0.3,0.1,0.1,0.2,0.1,0.1,0.2,0.1,0.1,0.2,0.2,0.2,0.2,0.2,0.3,0.1,0.2,0.3,0.2,0.3,0.2,0.2,0.1,0.1,0.3,0.2,0.3,0.1,0.3,0.2,0.1,0.1,0.2,0.1,0.2,0.2,0.3,0.3,0.2,0.1,0.2,0.1,0.2,0.2,0.1,0.1,0.3,0.3,0.3,0.3,0.3,0.2,0.2,0.3,0.2,0.2,0.2,0.2,0.1,0.3,0.2,0.3,0.1,0.2,0.3,0.2,0.1,0.3,0.2,0.1,0.2,0.2,0.3,0.2,0.1,0.3,0.3,0.2,0.3,0.3,0.2,0.2,0.1,0.2,0.2,0.3,1,"l","-752-8c-1"
"86",0.2,0.1,0.2,0.2,0.3,0.1,0.2,0.2,0.2,0.3,0.1,0.1,0.2,0.1,0.2,0.2,0.2,0.1,0.2,0.2,0.3,0.3,0.2,0.3,0.2,0.3,0.3,0.3,0.3,0.2,0.3,0.2,0.2,0.1,0.3,0.2,0.3,0.2,0.1,0.3,0.1,0.2,0.1,0.1,0.1,0.3,0.2,0.1,0.2,0.2,0.2,0.3,0.1,0.2,0.2,0.1,0.2,0.3,0.3,0.3,0.1,0.3,0.2,0.3,0.3,0.2,0.1,0.2,0.3,0.2,0.1,0.1,0.3,0.1,0.3,0.3,0.3,0.2,0.3,0.1,0.2,0.3,0.3,0.1,0.3,0.3,0.2,0.3,0.1,0.2,0.2,0.1,0.1,0.1,0.3,0.1,0.3,-1,"d","ro6kg0"
"87",0.2,0.3,0.3,0.3,0.1,0.2,0.1,0.3,0.1,0.2,0.3,0.3,0.3,0.1,0.3,0.3,0.1,0.3,0.2,0.1,0.1,0.3,0.1,0.3,0.2,0.1,0.2,0.1,0.2,0.1,0.3,0.1,0.2,0.2,0.1,0.3,0.3,0.2,0.1,0.1,0.3,0.1,0.2,0.3,0.1,0.1,0.1,0.2,0.2,0.3,0.2,0.1,0.3,0.2,0.3,0.3,0.3,0.1,0.1,0.2,0.1,0.1,0.3,0.3,0.1,0.3,0.2,0.1,0.2,0.2,0.2,0.3,0.3,0.1,0.3,0.1,0.1,0.3,0.3,0.3,0.3,0.2,0.3,0.3,0.1,0.1,0.3,0.3,0.3,0.1,0.1,0.2,0.3,0.3,0.3,0.1,0.1,1,"o","i"
"88",0.2,0.2,0.1,0.2,0.1,0.2,0.2,0.2,0.1,0.3,0.2,0.2,0.2,0.3,0.2,0.2,0.1,0.2,0.1,0.2,0.2,0.3,0.1,0.3,0.2,0.2,0.1,0.1,0.2,0.2,0.3,0.1,0.3,0.1,0.2,0.3,0.1,0.3,0.1,0.3,0.3,0.1,0.2,0.1,0.2,0.1,0.1,0.3,0.2,0.2,0.3,0.3,0.1,0.3,0.2,0.2,0.3,0.1,0.1,0.1,0.2,0.1,0.3,0.2,0.2,0.3,0.1,0.1,0.1,0.1,0.2,0.3,0.2,0.3,0.2,0.1,0.1,0.1,0.3,0.2,0.2,0.2,0.3,0.2,0.1,0.1,0.2,0.3,0.1,0.2,0.3,0.3,0.3,0.3,0.1,0.2,0.2,0,"d","3b-5"
"89",0.1,0.3,0.1,0.2,0.2,0.3,0.3,0.3,0.3,0.2,0.3,0.2,0.2,0.3,0.1,0.3,0.3,0.3,0.2,0.1,0.2,0.2,0.1,0.1,0.1,0.2,0.1,0.2,0.3,0.2,0.2,0.2,0.2,0.2,0.1,0.3,0.3,0.2,0.2,0.2,0.3,0.2,0.3,0.1,0.3,0.2,0.3,0.2,0.3,0.1,0.3,0.2,0.2,0.2,0.2,0.1,0.1,0.2,0.2,0.2,0.1,0.1,0.1,0.3,0.1,0.3,0.3,0.2,0.2,0.2,0.3,0.1,0.3,0.3,0.2,0.3,0.2,0.2,0.3,0.1,0.1,0.3,0.2,0.1,0.2,0.2,0.3,0.2,0.1,0.1,0.2,0.2,0.1,0.1,0.3,0.2,0.2,1,"c","-5b-6t-4q5"
"90",0.2,0.2,0.1,0.2,0.2,0.1,0.1,0.3,0.1,0.1,0.3,0.1,0.3,0.2,0.3,0.3,0.1,0.2,0.2,0.2,0.3,0.3,0.1,0.2,0.3,0.2,0.1,0.1,0.2,0.3,0.1,0.3,0.3,0.2,0.3,0.2,0.2,0.3,0.3,0.2,0.2,0.3,0.2,0.2,0.2,0.1,0.3,0.3,0.3,0.2,0.3,0.3,0.3,0.3,0.2,0.2,0.1,0.3,0.3,0.2,0.3,0.2,0.2,0.3,0.3,0.3,0.3,0.2,0.1,0.1,0.3,0.3,0.3,0.2,0.3,0.1,0.3,0.1,0.3,0.3,0.3,0.2,0.2,0.3,0.2,0.1,0.2,0.2,0.2,0.3,0.3,0.2,0.1,0.1,0.1,0.2,0.2,-1,"z","-1lyqkb"
"91",0.3,0.3,0.2,0.1,0.1,0.1,0.1,0.2,0.3,0.1,0.3,0.1,0.3,0.1,0.3,0.2,0.2,0.1,0.1,0.1,0.2,0.3,0.1,0.2,0.3,0.1,0.1,0.1,0.2,0.1,0.1,0.3,0.1,0.1,0.3,0.3,0.1,0.1,0.2,0.3,0.2,0.1,0.2,0.1,0.1,0.2,0.2,0.2,0.1,0.3,0.1,0.2,0.1,0.1,0.2,0.3,0.2,0.3,0.2,0.2,0.3,0.1,0.1,0.1,0.3,0.3,0.1,0.3,0.2,0.3,0.3,0.2,0.1,0.3,0.1,0.3,0.3,0.1,0.2,0.3,0.2,0.3,0.3,0.2,0.2,0.1,0.1,0.1,0.1,0.3,0.3,0.3,0.1,0.1,0.2,0.1,0.1,0,"v","pql9"
"92",0.3,0.1,0.3,0.3,0.3,0.3,0.3,0.3,0.3,0.1,0.1,0.3,0.1,0.2,0.1,0.3,0.2,0.3,0.2,0.1,0.1,0.1,0.3,0.3,0.2,0.1,0.3,0.1,0.2,0.2,0.1,0.3,0.2,0.1,0.1,0.1,0.1,0.2,0.3,0.3,0.3,0.3,0.2,0.1,0.2,0.3,0.2,0.3,0.1,0.3,0.2,0.2,0.1,0.2,0.3,0.1,0.1,0.2,0.3,0.1,0.2,0.3,0.2,0.3,0.2,0.2,0.1,0.1,0.3,0.2,0.1,0.2,0.1,0.3,0.2,0.2,0.1,0.2,0.1,0.3,0.3,0.2,0.3,0.2,0.1,0.3,0.3,0.2,0.1,0.2,0.1,0.1,0.2,0.3,0.3,0.3,0.2,-1,"m","251-7"
"93",0.1,0.3,0.1,0.3,0.2,0.3,0.3,0.2,0.3,0.2,0.1,0.2,0.3,0.2,0.2,0.2,0.3,0.3,0.3,0.1,0.1,0.3,0.1,0.3,0.1,0.3,0.2,0.1,0.1,0.2,0.3,0.3,0.1,0.3,0.1,0.2,0.2,0.3,0.1,0.3,0.1,0.2,0.3,0.2,0.3,0.3,0.2,0.3,0.1,0.2,0.3,0.3,0.3,0.2,0.1,0.3,0.3,0.2,0.3,0.2,0.2,0.2,0.2,0.1,0.3,0.1,0.3,0.2,0.1,0.2,0.1,0.1,0.3,0.1,0.1,0.3,0.1,0.3,0.2,0.1,0.1,0.3,0.2,0.1,0.1,0.3,0.3,0.1,0.3,0.1,0.1,0.3,0.3,0.2,0.3,0.1,0.1,1,"j","8g-40"
"94",0.3,0.1,0.2,0.1,0.1,0.2,0.3,0.2,0.2,0.3,0.3,0.2,0.1,0.3,0.3,0.1,0.1,0.1,0.3,0.2,0.1,0.1,0.3,0.1,0.3,0.3,0.2,0.2,0.1,0.2,0.2,0.2,0.2,0.3,0.3,0.2,0.1,0.1,0.1,0.3,0.1,0.2,0.3,0.3,0.3,0.1,0.1,0.1,0.2,0.1,0.2,0.3,0.3,0.2,0.1,0.1,0.1,0.3,0.2,0.1,0.3,0.3,0.3,0.3,0.3,0.3,0.1,0.2,0.2,0.2,0.2,0.1,0.2,0.2,0.2,0.1,0.2,0.2,0.2,0.3,0.2,0.2,0.2,0.2,0.3,0.1,0.2,0.2,0.2,0.1,0.3,0.2,0.3,0.2,0.1,0.2,0.3,1,"s","g9ut4n2h"
"95",0.2,0.2,0.2,0.1,0.1,0.1,0.3,0.3,0.2,0.3,0.2,0.3,0.2,0.2,0.2,0.2,0.3,0.3,0.3,0.1,0.3,0.1,0.1,0.1,0.3,0.3,0.3,0.2,0.3,0.3,0.2,0.1,0.2,0.1,0.2,0.3,0.1,0.1,0.1,0.1,0.2,0.1,0.1,0.3,0.3,0.3,0.2,0.2,0.3,0.1,0.1,0.2,0.1,0.2,0.1,0.2,0.3,0.2,0.1,0.2,0.3,0.3,0.2,0.1,0.2,0.3,0.1,0.1,0.2,0.2,0.3,0.3,0.1,0.2,0.2,0.1,0.1,0.3,0.3,0.1,0.3,0.2,0.3,0.3,0.3,0.3,0.1,0.3,0.2,0.3,0.3,0.2,0.2,0.3,0.2,0.2,0.3,1,"t","1-6m"
"96",0.2,0.1,0.2,0.3,0.2,0.2,0.2,0.1,0.1,0.2,0.1,0.1,0.1,0.3,0.2,0.2,0.3,0.2,0.3,0.3,0.1,0.3,0.3,0.1,0.2,0.2,0.2,0.3,0.1,0.3,0.3,0.3,0.1,0.1,0.2,0.1,0.2,0.3,0.3,0.3,0.2,0.3,0.1,0.2,0.2,0.2,0.2,0.1,0.1,0.2,0.2,0.3,0.1,0.2,0.1,0.2,0.3,0.3,0.3,0.2,0.1,0.3,0.1,0.2,0.3,0.2,0.1,0.3,0.3,0.1,0.3,0.1,0.3,0.3,0.3,0.3,0.2,0.2,0.2,0.1,0.2,0.2,0.3,0.3,0.3,0.1,0.2,0.2,0.3,0.3,0.2,0.2,0.3,0.3,0.3,0.3,0.1,1,"g","-5-1gf61-6"
"97",0.1,0.3,0.2,0.3,0.1,0.2,0.3,0.2,0.1,0.2,0.3,0.3,0.3,0.2,0.2,0.2,0.3,0.3,0.3,0.1,0.1,0.3,0.2,0.2,0.3,0.3,0.1,0.2,0.2,0.2,0.2,0.2,0.2,0.1,0.1,0.1,0.2,0.3,0.2,0.1,0.3,0.1,0.1,0.1,0.3,0.3,0.2,0.3,0.3,0.2,0.1,0.2,0.1,0.1,0.3,0.2,0.1,0.2,0.3,0.3,0.1,0.1,0.3,0.3,0.1,0.1,0.1,0.3,0.3,0.1,0.2,0.1,0.1,0.3,0.3,0.3,0.2,0.1,0.3,0.2,0.2,0.3,0.3,0.1,0.1,0.2,0.2,0.3,0.1,0.1,0.2,0.3,0.2,0.2,0.3,0.3,0.2,0,"a","cf-3h-1"
"98",0.1,0.3,0.1,0.2,0.2,0.1,0.1,0.1,0.1,0.2,0.3,0.3,0.3,0.3,0.2,0.1,0.2,0.1,0.2,0.2,0.3,0.1,0.1,0.2,0.1,0.1,0.1,0.3,0.2,0.2,0.1,0.2,0.2,0.3,0.1,0.2,0.2,0.2,0.1,0.1,0.1,0.3,0.1,0.2,0.2,0.3,0.1,0.2,0.2,0.3,0.1,0.3,0.2,0.1,0.3,0.2,0.2,0.2,0.2,0.2,0.3,0.3,0.1,0.2,0.1,0.1,0.2,0.1,0.2,0.1,0.3,0.1,0.3,0.3,0.1,0.1,0.1,0.1,0.1,0.3,0.1,0.3,0.3,0.2,0.2,0.1,0.2,0.2,0.3,0.2,0.1,0.1,0.1,0.1,0.1,0.2,0.1,-1,"n","-2v-4c2q-5d"
"99",0.1,0.3,0.3,0.2,0.3,0.1,0.2,0.1,0.1,0.2,0.3,0.2,0.3,0.1,0.2,0.1,0.1,0.3,0.1,0.2,0.1,0.3,0.3,0.3,0.2,0.3,0.1,0.2,0.1,0.1,0.3,0.2,0.2,0.3,0.2,0.3,0.1,0.1,0.1,0.3,0.1,0.1,0.2,0.3,0.2,0.1,0.3,0.2,0.3,0.2,0.1,0.3,0.2,0.2,0.2,0.2,0.1,0.3,0.1,0.1,0.2,0.2,0.3,0.3,0.2,0.1,0.3,0.3,0.1,0.3,0.1,0.2,0.3,0.1,0.3,0.3,0.2,0.3,0.3,0.3,0.1,0.1,0.3,0.1,0.1,0.3,0.3,0.2,0.2,0.1,0.3,0.1,0.2,0.1,0.3,0.1,0.3,1,"n","1x-3pnhz"
"100",0.3,0.3,0.3,0.2,0.2,0.3,0.2,0.3,0.1,0.3,0.2,0.2,0.3,0.1,0.3,0.3,0.2,0.3,0.2,0.3,0.1,0.2,0.1,0.2,0.2,0.2,0.2,0.1,0.3,0.3,0.2,0.1,0.3,0.1,0.2,0.3,0.2,0.2,0.1,0.3,0.2,0.3,0.2,0.1,0.2,0.3,0.1,0.2,0.1,0.3,0.2,0.3,0.1,0.2,0.1,0.1,0.3,0.1,0.3,0.3,0.3,0.3,0.3,0.1,0.2,0.3,0.1,0.2,0.2,0.1,0.1,0.1,0.1,0.2,0.3,0.3,0.3,0.2,0.2,0.2,0.2,0.2,0.2,0.1,0.3,0.3,0.2,0.3,0.2,0.3,0.1,0.2,0.1,0.2,0.2,0.2,0.3,0,"u","5ei"
