"1",0.2,0.2,0.3,0.2,0.1,0.3,0.3,0.3,0.1,0.3,0.3,0.3,0.2,0.2,0.3,0.1,0.3,0.3,0.2,0.1,0.2,0.1,0.2,0.3,0.2,0.2,0.3,0.3,0.2,0.3,0.3,0.2,0.3,0.2,0.1,0.3,0.3,0.1,0.3,0.2,0.3,0.3,0.2,0.3,0.1,0.2,0.1,0.3,0.2,0.2,0.1,0.1,0.2,0.3,0.2,0.2,0.3,0.3,0.3,0.1,0.2,0.2,0.1,0.1,0.1,0.3,0.3,0.3,0.2,0.1,0.1,0.3,0.2,0.1,0.1,0.2,0.1,0.3,0.3,0.2,0.3,0.3,0.3,0.3,0.3,0.3,0.1,0.3,0.3,0.3,0.3,0.1,0.1,0.2,0.2,0.1,0.1,1,"k","i"
"2",0.3,0.3,0.3,0.1,0.1,0.2,0.1,0.3,0.1,0.3,0.1,0.2,0.1,0.3,0.3,0.1,0.2,0.2,0.3,0.2,0.1,0.1,0.1,0.2,0.1,0.1,0.1,0.1,0.1,0.3,0.1,0.3,0.1,0.2,0.3,0.1,0.3,0.1,0.2,0.2,0.3,0.2,0.2,0.3,0.3,0.2,0.3,0.3,0.2,0.2,0.1,0.1,0.2,0.1,0.1,0.1,0.3,0.2,0.3,0.2,0.2,0.2,0.1,0.1,0.2,0.1,0.2,0.2,0.1,0.2,0.1,0.3,0.3,0.3,0.3,0.3,0.3,0.1,0.3,0.2,0.1,0.1,0.3,0.2,0.2,0.3,0.2,0.3,0.3,0.2,0.3,0.3,0.2,0.1,0.1,0.3,0.1,-1,"k","40kij9"
"3",0.2,0.2,0.3,0.2,0.2,0.1,0.2,0.3,0.1,0.3,0.3,0.1,0.1,0.3,0.1,0.2,0.1,0.1,0.2,0.3,0.3,0.1,0.2,0.2,0.1,0.1,0.1,0.1,0.3,0.3,0.2,0.1,0.1,0.2,0.1,0.1,0.3,0.2,0.3,0.1,0.3,0.3,0.1,0.3,0.3,0.2,0.3,0.1,0.2,0.3,0.1,0.1,0.2,0.2,0.2,0.2,0.2,0.3,0.2,0.3,0.1,0.2,0.2,0.3,0.1,0.1,0.1,0.2,0.1,0.2,0.3,0.2,0.3,0.1,0.1,0.1,0.1,0.3,0.2,0.1,0.1,0.2,0.2,0.3,0.3,0.2,0.2,0.1,0.2,0.1,0.2,0.2,0.1,0.3,0.2,0.2,0.3,1,"b","yk4j7"
"4",0.1,0.3,0.1,0.2,0.3,0.2,0.3,0.1,0.1,0.2,0.2,0.1,0.2,0.3,0.1,0.2,0.1,0.3,0.3,0.1,0.2,0.3,0.2,0.1,0.2,0.2,0.1,0.3,0.2,0.2,0.3,0.1,0.3,0.2,0.3,0.2,0.1,0.2,0.2,0.2,0.2,0.3,0.1,0.3,0.3,0.1,0.1,0.2,0.2,0.1,0.2,0.3,0.2,0.2,0.2,0.2,0.1,0.1,0.2,0.2,0.1,0.1,0.1,0.2,0.3,0.3,0.2,0.1,0.3,0.1,0.1,0.3,0.1,0.1,0.2,0.1,0.2,0.1,0.1,0.3,0.3,0.1,0.2,0.2,0.3,0.3,0.2,0.2,0.2,0.1,0.2,0.3,0.3,0.3,0.2,0.2,0.3,-1,"q","vzlc-94"
"5",0.1,0.2,0.3,0.2,0.1,0.1,0.2,0.2,0.3,0.3,0.2,0.3,0.2,0.2,0.3,0.1,0.3,0.2,0.1,0.3,0.1,0.2,0.2,0.3,0.1,0.1,0.3,0.3,0.2,0.2,0.2,0.3,0.1,0.3,0.2,0.2,0.1,0.1,0.1,0.3,0.3,0.3,0.2,0.1,0.3,0.2,0.2,0.3,0.3,0.1,0.2,0.3,0.3,0.3,0.1,0.3,0.3,0.1,0.2,0.3,0.2,0.1,0.3,0.1,0.2,0.1,0.2,0.2,0.3,0.3,0.3,0.3,0.3,0.1,0.2,0.1,0.3,0.1,0.1,0.2,0.3,0.1,0.2,0.1,0.1,0.2,0.2,0.1,0.3,0.3,0.1,0.2,0.2,0.3,0.3,0.2,0.2,-1,"l","g9zlo-4-5"
"6",0.2,0.3,0.3,0.3,0.1,0.2,0.3,0.1,0.3,0.1,0.1,0.2,0.3,0.1,0.2,0.3,0.2,0.2,0.3,0.2,0.3,0.1,0.2,0.3,0.3,0.3,0.2,0.1,0.1,0.1,0.3,0.2,0.3,0.2,0.2,0.1,0.2,0.1,0.3,0.3,0.2,0.3,0.1,0.2,0.1,0.2,0.3,0.2,0.3,0.3,0.1,0.2,0.1,0.2,0.3,0.3,0.1,0.2,0.1,0.1,0.2,0.1,0.3,0.2,0.2,0.1,0.2,0.3,0.3,0.3,0.2,0.1,0.2,0.1,0.1,0.1,0.3,0.2,0.1,0.1,0.1,0.2,0.1,0.3,0.3,0.3,0.3,0.3,0.1,0.1,0.3,0.3,0.2,0.3,0.3,0.3,0.2,-1,"l","t-7ulm-6-3"
"7",0.2,0.1,0.1,0.1,0.2,0.2,0.3,0.1,0.3,0.3,0.3,0.2,0.2,0.2,0.2,0.1,0.2,0.1,0.3,0.3,0.1,0.3,0.3,0.3,0.3,0.1,0.1,0.1,0.2,0.3,0.3,0.1,0.3,0.1,0.3,0.3,0.1,0.2,0.1,0.1,0.1,0.3,0.3,0.1,0.1,0.1,0.3,0.1,0.2,0.2,0.3,0.2,0.1,0.1,0.3,0.2,0.1,0.3,0.1,0.1,0.1,0.1,0.2,0.1,0.1,0.3,0.2,0.1,0.2,0.1,0.2,0.1,0.2,0.1,0.1,0.3,0.1,0.3,0.1,0.3,0.3,0.1,0.3,0.1,0.2,0.3,0.1,0.2,0.2,0.2,0.1,0.2,0.3,0.2,0.1,0.1,0.3,-1,"j","ri42-4w"
"8",0.1,0.3,0.2,0.3,0.3,0.3,0.2,0.1,0.1,0.1,0.2,0.3,0.3,0.2,0.1,0.3,0.1,0.1,0.1,0.3,0.3,0.3,0.2,0.1,0.3,0.2,0.1,0.2,0.3,0.1,0.1,0.3,0.1,0.3,0.2,0.1,0.3,0.1,0.3,0.2,0.2,0.2,0.3,0.3,0.2,0.3,0.3,0.2,0.3,0.2,0.3,0.2,0.1,0.2,0.2,0.1,0.1,0.1,0.3,0.2,0.1,0.1,0.2,0.1,0.3,0.1,0.2,0.3,0.1,0.1,0.2,0.1,0.3,0.2,0.3,0.2,0.3,0.1,0.3,0.2,0.2,0.2,0.2,0.3,0.3,0.3,0.3,0.3,0.2,0.3,0.1,0.3,0.3,0.2,0.1,0.3,0.3,1,"t","-9-6vsnzq-1"
"9",0.2,0.2,0.3,0.3,0.1,0.3,0.3,0.3,0.2,0.2,0.1,0.2,0.1,0.2,0.2,0.1,0.3,0.2,0.2,0.3,0.2,0.1,0.3,0.2,0.3,0.1,0.2,0.2,0.2,0.1,0.3,0.2,0.1,0.1,0.2,0.3,0.3,0.2,0.3,0.3,0.2,0.3,0.1,0.3,0.1,0.1,0.1,0.2,0.1,0.1,0.1,0.1,0.1,0.1,0.2,0.1,0.1,0.3,0.1,0.3,0.3,0.1,0.2,0.3,0.3,0.1,0.1,0.2,0.1,0.3,0.1,0.3,0.2,0.3,0.3,0.1,0.3,0.3,0.3,0.3,0.1,0.2,0.1,0.1,0.2,0.3,0.2,0.2,0.2,0.1,0.1,0.3,0.1,0.3,0.3,0.3,0.1,0,"x","uzep-4"
"10",0.1,0.3,0.2,0.1,0.3,0.2,0.1,0.2,0.2,0.3,0.1,0.3,0.3,0.2,0.3,0.2,0.1,0.3,0.2,0.3,0.1,0.2,0.2,0.2,0.2,0.3,0.3,0.1,0.2,0.2,0.1,0.1,0.1,0.2,0.3,0.1,0.2,0.3,0.2,0.2,0.1,0.1,0.1,0.3,0.1,0.2,0.1,0.2,0.2,0.3,0.1,0.1,0.2,0.1,0.3,0.2,0.3,0.3,0.3,0.2,0.1,0.3,0.2,0.1,0.2,0.2,0.1,0.1,0.2,0.2,0.1,0.2,0.1,0.1,0.2,0.3,0.1,0.1,0.1,0.3,0.1,0.3,0.2,0.3,0.1,0.1,0.2,0.2,0.3,0.1,0.1,0.1,0.3,0.1,0.2,0.1,0.3,-1,"h","pkl"
"11",0.1,0.1,0.2,0.1,0.2,0.2,0.1,0.2,0.2,0.2,0.1,0.3,0.2,0.1,0.1,0.1,0.2,0.1,0.1,0.1,0.1,0.1,0.2,0.3,0.2,0.2,0.3,0.3,0.1,0.3,0.3,0.1,0.2,0.1,0.1,0.3,0.2,0.2,0.2,0.1,0.3,0.1,0.2,0.2,0.1,0.3,0.2,0.2,0.1,0.2,0.3,0.3,0.3,0.1,0.3,0.2,0.2,0.3,0.2,0.1,0.3,0.2,0.3,0.1,0.2,0.3,0.1,0.3,0.2,0.2,0.2,0.1,0.1,0.3,0.1,0.1,0.2,0.1,0.2,0.2,0.2,0.3,0.2,0.1,0.2,0.1,0.2,0.3,0.3,0.1,0.2,0.3,0.2,0.1,0.1,0.1,0.1,1,"c","zwr"
"12",0.3,0.1,0.3,0.2,0.2,0.2,0.3,0.1,0.3,0.2,0.2,0.2,0.2,0.1,0.1,0.3,0.2,0.1,0.2,0.2,0.1,0.2,0.3,0.3,0.3,0.2,0.2,0.2,0.2,0.1,0.1,0.2,0.1,0.1,0.3,0.1,0.1,0.3,0.1,0.2,0.2,0.3,0.2,0.2,0.3,0.2,0.2,0.2,0.2,0.3,0.3,0.2,0.3,0.2,0.1,0.3,0.2,0.2,0.3,0.3,0.2,0.1,0.3,0.2,0.3,0.2,0.1,0.2,0.1,0.2,0.2,0.3,0.2,0.3,0.2,0.1,0.3,0.3,0.3,0.3,0.1,0.1,0.2,0.2,0.3,0.2,0.2,0.1,0.2,0.1,0.1,0.1,0.3,0.3,0.1,0.2,0.3,1,"x","-8t7ovl4"
"13",0.3,0.2,0.1,0.2,0.3,0.2,0.2,0.3,0.2,0.1,0.3,0.3,0.1,0.3,0.2,0.1,0.3,0.3,0.2,0.3,0.1,0.1,0.3,0.3,0.1,0.3,0.3,0.1,0.3,0.2,0.3,0.2,0.2,0.1,0.3,0.2,0.1,0.2,0.1,0.1,0.3,0.3,0.3,0.3,0.2,0.2,0.1,0.3,0.1,0.3,0.2,0.1,0.1,0.3,0.1,0.3,0.2,0.1,0.2,0.1,0.3,0.3,0.3,0.1,0.2,0.1,0.1,0.3,0.2,0.2,0.2,0.1,0.2,0.1,0.3,0.1,0.3,0.3,0.1,0.2,0.3,0.2,0.2,0.1,0.2,0.3,0.2,0.3,0.3,0.1,0.2,0.2,0.2,0.3,0.3,0.2,0.3,1,"m","-2"
"14",0.2,0.3,0.2,0.1,0.3,0.2,0.3,0.3,0.2,0.1,0.1,0.2,0.1,0.2,0.3,0.3,0.1,0.1,0.1,0.3,0.2,0.2,0.1,0.2,0.1,0.1,0.1,0.3,0.1,0.2,0.3,0.1,0.3,0.3,0.3,0.3,0.3,0.1,0.2,0.2,0.2,0.3,0.3,0.3,0.2,0.1,0.2,0.2,0.2,0.3,0.1,0.3,0.1,0.1,0.1,0.3,0.2,0.3,0.3,0.1,0.1,0.2,0.1,0.3,0.2,0.3,0.2,0.1,0.2,0.2,0.3,0.3,0.2,0.3,0.2,0.1,0.3,0.1,0.2,0.1,0.2,0.1,0.1,0.2,0.2,0.3,0.2,0.2,0.2,0.1,0.3,0.1,0.2,0.1,0.1,0.1,0.3,1,"b","xog8"
"15",0.2,0.2,0.3,0.2,0.3,0.2,0.2,0.2,0.1,0.2,0.3,0.2,0.1,0.2,0.1,0.1,0.3,0.3,0.3,0.3,0.3,0.3,0.2,0.1,0.2,0.3,0.1,0.2,0.3,0.3,0.1,0.2,0.1,0.2,0.2,0.1,0.1,0.2,0.3,0.1,0.2,0.2,0.3,0.1,0.1,0.1,0.2,0.3,0.1,0.3,0.1,0.1,0.2,0.1,0.2,0.1,0.1,0.2,0.1,0.2,0.1,0.1,0.2,0.3,0.2,0.3,0.1,0.2,0.3,0.3,0.2,0.3,0.2,0.1,0.3,0.3,0.1,0.2,0.2,0.3,0.1,0.1,0.3,0.2,0.2,0.3,0.2,0.1,0.3,0.3,0.2,0.1,0.2,0.2,0.3,0.3,0.2,1,"a","gadslr-6"
"16",0.3,0.2,0.2,0.3,0.1,0.3,0.2,0.1,0.3,0.3,0.2,0.3,0.1,0.2,0.3,0.1,0.1,0.1,0.1,0.3,0.1,0.3,0.3,0.3,0.3,0.3,0.2,0.3,0.2,0.3,0.2,0.2,0.3,0.1,0.1,0.3,0.1,0.2,0.3,0.3,0.3,0.1,0.3,0.3,0.3,0.2,0.1,0.2,0.1,0.3,0.1,0.3,0.2,0.2,0.2,0.3,0.2,0.2,0.1,0.1,0.1,0.2,0.2,0.2,0.3,0.2,0.1,0.3,0.3,0.3,0.1,0.1,0.2,0.2,0.2,0.3,0.1,0.3,0.3,0.1,0.1,0.2,0.2,0.1,0.1,0.1,0.3,0.3,0.2,0.1,0.1,0.2,0.1,0.3,0.2,0.3,0.1,-1,"y","v-3g-8-9t-7"
"17",0.3,0.3,0.2,0.3,0.2,0.2,0.1,0.3,0.2,0.3,0.3,0.2,0.1,0.2,0.3,0.3,0.1,0.1,0.3,0.2,0.2,0.1,0.3,0.1,0.3,0.1,0.2,0.2,0.2,0.3,0.3,0.2,0.1,0.2,0.1,0.1,0.3,0.2,0.2,0.1,0.2,0.1,0.3,0.2,0.1,0.2,0.1,0.1,0.1,0.2,0.2,0.3,0.2,0.1,0.2,0.2,0.1,0.2,0.1,0.3,0.2,0.1,0.2,0.3,0.3,0.2,0.2,0.1,0.1,0.1,0.2,0.1,0.3,0.2,0.2,0.1,0.2,0.2,0.3,0.3,0.3,0.3,0.2,0.2,0.3,0.3,0.2,0.2,0.2,0.3,0.3,0.2,0.3,0.1,0.3,0.3,0.3,1,"b","20n"
"18",0.1,0.3,0.2,0.3,0.2,0.2,0.3,0.2,0.3,0.2,0.3,0.3,0.3,0.2,0.2,0.3,0.1,0.3,0.2,0.3,0.3,0.2,0.3,0.1,0.2,0.1,0.3,0.1,0.2,0.1,0.3,0.3,0.2,0.2,0.3,0.2,0.2,0.3,0.3,0.2,0.3,0.3,0.3,0.1,0.3,0.2,0.2,0.1,0.2,0.2,0.1,0.1,0.3,0.2,0.3,0.1,0.2,0.2,0.1,0.3,0.1,0.3,0.2,0.1,0.3,0.2,0.1,0.3,0.2,0.1,0.3,0.2,0.1,0.3,0.3,0.2,0.1,0.3,0.3,0.3,0.2,0.3,0.1,0.2,0.3,0.3,0.1,0.1,0.2,0.1,0.3,0.1,0.3,0.1,0.3,0.3,0.3,0,"a","-6"
"19",0.2,0.2,0.2,0.1,0.3,0.2,0.3,0.1,0.2,0.1,0.1,0.2,0.2,0.3,0.1,0.1,0.1,0.3,0.2,0.1,0.3,0.2,0.2,0.1,0.2,0.3,0.3,0.1,0.3,0.1,0.1,0.3,0.1,0.1,0.3,0.2,0.2,0.2,0.3,0.3,0.2,0.3,0.3,0.2,0.2,0.3,0.1,0.1,0.3,0.2,0.3,0.2,0.3,0.2,0.2,0.1,0.3,0.1,0.1,0.1,0.2,0.3,0.3,0.3,0.2,0.3,0.3,0.2,0.1,0.1,0.3,0.2,0.3,0.1,0.3,0.3,0.1,0.2,0.1,0.1,0.1,0.1,0.2,0.1,0.2,0.2,0.1,0.2,0.1,0.1,0.1,0.1,0.3,0.1,0.3,0.3,0.3,0,"c","-7rx"
"20",0.1,0.3,0.2,0.3,0.1,0.1,0.1,0.2,0.3,0.2,0.1,0.3,0.3,0.1,0.2,0.3,0.3,0.2,0.3,0.3,0.1,0.1,0.1,0.3,0.3,0.1,0.1,0.1,0.1,0.1,0.2,0.2,0.1,0.1,0.1,0.1,0.2,0.3,0.2,0.2,0.2,0.3,0.1,0.3,0.3,0.2,0.2,0.1,0.3,0.2,0.1,0.3,0.1,0.2,0.3,0.3,0.1,0.2,0.3,0.2,0.2,0.2,0.2,0.1,0.3,0.2,0.1,0.3,0.1,0.3,0.1,0.3,0.1,0.2,0.1,0.1,0.2,0.2,0.2,0.3,0.3,0.1,0.2,0.2,0.1,0.3,0.2,0.1,0.2,0.2,0.2,0.2,0.3,0.3,0.1,0.1,0.2,-1,"x","q-1"
"21",0.1,0.3,0.3,0.1,0.2,0.1,0.1,0.2,0.2,0.1,0.1,0.1,0.3,0.2,0.3,0.1,0.3,0.1,0.1,0.1,0.1,0.1,0.3,0.3,0.3,0.2,0.3,0.2,0.1,0.3,0.1,0.3,0.2,0.3,0.2,0.1,0.1,0.2,0.2,0.2,0.2,0.1,0.3,0.2,0.1,0.1,0.1,0.3,0.2,0.2,0.2,0.3,0.3,0.2,0.2,0.1,0.3,0.1,0.2,0.2,0.3,0.3,0.1,0.3,0.1,0.1,0.3,0.3,0.3,0.3,0.1,0.1,0.2,0.2,0.1,0.1,0.3,0.3,0.2,0.3,0.3,0.3,0.3,0.2,0.1,0.3,0.3,0.3,0.3,0.3,0.2,0.1,0.1,0.2,0.1,0.1,0.3,0,"i","i"
"22",0.1,0.1,0.1,0.1,0.1,0.2,0.3,0.3,0.2,0.1,0.1,0.3,0.1,0.1,0.3,0.1,0.3,0.3,0.3,0.2,0.2,0.2,0.2,0.1,0.3,0.3,0.1,0.1,0.3,0.1,0.2,0.2,0.3,0.3,0.3,0.3,0.2,0.1,0.1,0.3,0.3,0.2,0.1,0.1,0.1,0.3,0.2,0.2,0.3,0.3,0.3,0.3,0.3,0.3,0.3,0.1,0.1,0.3,0.1,0.1,0.2,0.2,0.2,0.1,0.3,0.1,0.1,0.2,0.1,0.1,0.3,0.1,0.3,0.3,0.2,0.2,0.1,0.3,0.1,0.1,0.3,0.3,0.2,0.2,0.1,0.2,0.1,0.1,0.2,0.3,0.1,0.1,0.2,0.2,0.2,0.1,0.3,-1,"k","kpx-7a"
"23",0.1,0.1,0.1,0.3,0.3,0.1,0.1,0.2,0.2,0.3,0.3,0.3,0.2,0.1,0.2,0.1,0.3,0.1,0.1,0.2,0.3,0.1,0.2,0.3,0.2,0.1,0.3,0.1,0.2,0.3,0.1,0.1,0.2,0.1,0.3,0.3,0.1,0.1,0.1,0.3,0.1,0.3,0.2,0.2,0.1,0.2,0.3,0.3,0.2,0.1,0.2,0.3,0.1,0.2,0.2,0.2,0.2,0.1,0.2,0.2,0.3,0.2,0.1,0.2,0.2,0.3,0.1,0.1,0.3,0.3,0.2,0.1,0.3,0.2,0.3,0.2,0.3,0.1,0.2,0.3,0.3,0.3,0.1,0.1,0.1,0.3,0.2,0.2,0.2,0.1,0.2,0.2,0.1,0.2,0.1,0.3,0.1,-1,"h","bl-1wa-775"
"24",0.3,0.3,0.2,0.1,0.1,0.3,0.3,0.3,0.2,0.2,0.3,0.3,0.3,0.2,0.2,0.2,0.1,0.1,0.1,0.2,0.2,0.2,0.2,0.1,0.3,0.2,0.2,0.3,0.1,0.2,0.3,0.2,0.1,0.1,0.3,0.3,0.2,0.3,0.1,0.2,0.2,0.2,0.2,0.3,0.3,0.1,0.3,0.2,0.1,0.2,0.1,0.2,0.3,0.1,0.1,0.1,0.1,0.1,0.3,0.2,0.1,0.2,0.3,0.2,0.2,0.1,0.2,0.1,0.3,0.3,0.2,0.2,0.1,0.2,0.2,0.2,0.1,0.1,0.2,0.1,0.2,0.3,0.1,0.3,0.3,0.2,0.2,0.1,0.1,0.3,0.3,0.1,0.3,0.2,0.3,0.1,0.1,0,"n","0h-7q"
"25",0.2,0.2,0.3,0.3,0.2,0.3,0.3,0.1,0.3,0.2,0.2,0.2,0.2,0.2,0.2,0.3,0.1,0.2,0.1,0.3,0.3,0.2,0.3,0.2,0.1,0.3,0.2,0.3,0.2,0.3,0.1,0.1,0.3,0.1,0.2,0.3,0.2,0.1,0.1,0.1,0.2,0.2,0.3,0.2,0.1,0.2,0.3,0.3,0.3,0.2,0.2,0.1,0.3,0.3,0.3,0.1,0.2,0.1,0.3,0.1,0.3,0.2,0.1,0.1,0.1,0.2,0.2,0.1,0.3,0.1,0.1,0.2,0.2,0.3,0.1,0.2,0.1,0.3,0.3,0.1,0.2,0.1,0.1,0.1,0.1,0.3,0.3,0.3,0.1,0.3,0.2,0.2,0.3,0.3,0.2,0.2,0.3,0,"m","w7-28"
"26",0.3,0.1,0.1,0.1,0.2,0.1,0.1,0.3,0.1,0.1,0.1,0.3,0.1,0.1,0.2,0.2,0.2,0.1,0.2,0.1,0.3,0.3,0.3,0.2,0.2,0.2,0.3,0.2,0.2,0.2,0.1,0.3,0.3,0.3,0.3,0.3,0.3,0.2,0.1,0.3,0.3,0.2,0.3,0.2,0.2,0.1,0.2,0.2,0.1,0.1,0.3,0.1,0.2,0.2,0.2,0.3,0.2,0.3,0.2,0.2,0.1,0.1,0.1,0.2,0.3,0.1,0.3,0.3,0.3,0.3,0.3,0.3,0.1,0.1,0.2,0.1,0.1,0.1,0.2,0.1,0.1,0.3,0.3,0.1,0.1,0.2,0.2,0.1,0.1,0.1,0.3,0.3,0.3,0.2,0.1,0.1,0.2,0,"b","f-3s329"
"27",0.2,0.3,0.2,0.2,0.2,0.2,0.3,0.3,0.3,0.1,0.3,0.3,0.1,0.1,0.2,0.3,0.3,0.3,0.3,0.3,0.2,0.3,0.3,0.2,0.1,0.3,0.3,0.3,0.2,0.1,0.3,0.3,0.3,0.3,0.2,0.1,0.2,0.2,0.2,0.2,0.3,0.3,0.2,0.1,0.1,0.2,0.3,0.1,0.1,0.3,0.2,0.3,0.3,0.3,0.2,0.2,0.2,0.3,0.1,0.1,0.1,0.3,0.3,0.2,0.2,0.1,0.3,0.1,0.3,0.3,0.2,0.1,0.3,0.1,0.2,0.3,0.1,0.3,0.2,0.1,0.3,0.1,0.2,0.1,0.1,0.3,0.2,0.3,0.3,0.2,0.1,0.3,0.2,0.1,0.3,0.2,0.2,1,"a","g9dn8-94v"
"28",0.1,0.2,0.3,0.2,0.1,0.1,0.3,0.2,0.1,0.3,0.3,0.3,0.1,0.1,0.3,0.1,0.1,0.2,0.3,0.2,0.3,0.2,0.2,0.3,0.2,0.2,0.2,0.2,0.2,0.2,0.2,0.2,0.2,0.2,0.3,0.3,0.2,0.2,0.2,0.3,0.1,0.2,0.2,0.2,0.1,0.1,0.2,0.2,0.1,0.2,0.3,0.3,0.1,0.1,0.2,0.1,0.3,0.3,0.2,0.2,0.2,0.1,0.2,0.2,0.1,0.3,0.2,0.3,0.2,0.3,0.2,0.2,0.3,0.2,0.1,0.2,0.3,0.2,0.2,0.3,0.3,0.2,0.2,0.2,0.1,0.1,0.3,0.2,0.2,0.3,0.2,0.1,0.2,0.3,0.1,0.3,0.3,-1,"j","1s5"
"29",0.3,0.2,0.1,0.3,0.3,0.3,0.1,0.1,0.3,0.1,0.3,0.2,0.1,0.3,0.3,0.3,0.2,0.1,0.1,0.1,0.1,0.2,0.3,0.2,0.3,0.2,0.1,0.2,0.3,0.1,0.3,0.3,0.1,0.1,0.3,0.3,0.3,0.1,0.3,0.3,0.1,0.3,0.1,0.2,0.2,0.2,0.3,0.2,0.2,0.2,0.3,0.3,0.1,0.3,0.3,0.2,0.1,0.3,0.2,0.3,0.3,0.1,0.3,0.2,0.1,0.1,0.2,0.1,0.2,0.1,0.3,0.1,0.3,0.2,0.3,0.3,0.2,0.1,0.2,0.1,0.2,0.2,0.2,0.1,0.1,0.3,0.2,0.3,0.2,0.1,0.3,0.1,0.1,0.2,0.3,0.3,0.3,1,"p","gz-66q3-4"
"30",0.1,0.1,0.3,0.2,0.3,0.1,0.1,0.1,0.1,0.3,0.2,0.1,0.3,0.3,0.3,0.2,0.1,0.2,0.1,0.2,0.3,0.1,0.2,0.1,0.2,0.3,0.2,0.2,0.2,0.3,0.1,0.2,0.1,0.2,0.2,0.1,0.1,0.3,0.1,0.3,0.2,0.1,0.3,0.3,0.3,0.1,0.1,0.3,0.2,0.2,0.1,0.1,0.2,0.2,0.1,0.2,0.2,0.1,0.3,0.1,0.2,0.3,0.2,0.1,0.3,0.2,0.3,0.3,0.2,0.3,0.1,0.3,0.2,0.1,0.2,0.3,0.3,0.3,0.1,0.1,0.3,0.2,0.2,0.3,0.3,0.3,0.1,0.3,0.2,0.3,0.2,0.2,0.3,0.1,0.3,0.2,0.2,-1,"d","k71-8-9s4"
"31",0.2,0.1,0.1,0.2,0.3,0.2,0.3,0.2,0.3,0.1,0.1,0.2,0.1,0.2,0.3,0.3,0.3,0.1,0.1,0.2,0.2,0.2,0.2,0.3,0.2,0.2,0.2,0.1,0.1,0.3,0.1,0.3,0.3,0.2,0.2,0.1,0.2,0.3,0.3,0.2,0.1,0.3,0.2,0.3,0.2,0.2,0.3,0.1,0.3,0.2,0.1,0.3,0.3,0.3,0.2,0.1,0.1,0.1,0.3,0.2,0.1,0.2,0.2,0.1,0.2,0.1,0.1,0.2,0.1,0.3,0.3,0.1,0.3,0.3,0.3,0.2,0.1,0.3,0.3,0.1,0.1,0.2,0.1,0.1,0.3,0.3,0.1,0.1,0.3,0.1,0.2,0.1,0.2,0.2,0.1,0.2,0.1,-1,"l","-1-53"
"32",0.2,0.2,0.2,0.1,0.3,0.3,0.3,0.1,0.3,0.2,0.2,0.3,0.2,0.2,0.2,0.2,0.1,0.1,0.2,0.3,0.1,0.2,0.1,0.2,0.3,0.3,0.1,0.1,0.2,0.2,0.3,0.3,0.3,0.2,0.3,0.3,0.3,0.2,0.3,0.1,0.2,0.2,0.1,0.2,0.1,0.3,0.2,0.1,0.3,0.3,0.3,0.1,0.1,0.2,0.3,0.2,0.3,0.3,0.1,0.3,0.3,0.3,0.1,0.3,0.2,0.2,0.3,0.2,0.2,0.3,0.1,0.1,0.1,0.1,0.1,0.1,0.3,0.1,0.3,0.3,0.2,0.1,0.3,0.2,0.2,0.1,0.1,0.3,0.3,0.2,0.2,0.2,0.3,0.2,0.2,0.1,0.1,1,"a","3p"
"33",0.3,0.1,0.3,0.1,0.2,0.2,0.1,0.3,0.2,0.1,0.1,0.2,0.3,0.1,0.3,0.1,0.3,0.2,0.2,0.2,0.3,0.2,0.2,0.3,0.2,0.2,0.1,0.1,0.1,0.2,0.1,0.3,0.1,0.1,0.1,0.1,0.1,0.2,0.2,0.1,0.1,0.2,0.1,0.1,0.3,0.2,0.3,0.1,0.3,0.1,0.2,0.3,0.2,0.1,0.1,0.1,0.1,0.3,0.2,0.2,0.3,0.3,0.2,0.1,0.3,0.2,0.3,0.3,0.3,0.3,0.3,0.2,0.2,0.3,0.1,0.2,0.1,0.1,0.1,0.3,0.2,0.1,0.2,0.2,0.3,0.3,0.3,0.1,0.2,0.1,0.3,0.2,0.3,0.1,0.1,0.3,0.3,0,"g","d2i"
"34",0.3,0.2,0.1,0.3,0.1,0.1,0.2,0.2,0.2,0.2,0.2,0.2,0.2,0.1,0.1,0.2,0.2,0.2,0.3,0.3,0.3,0.2,0.3,0.2,0.2,0.3,0.3,0.3,0.1,0.2,0.2,0.3,0.2,0.2,0.2,0.2,0.3,0.1,0.3,0.3,0.3,0.2,0.2,0.2,0.1,0.2,0.2,0.3,0.1,0.2,0.2,0.1,0.1,0.3,0.1,0.3,0.3,0.2,0.1,0.1,0.2,0.2,0.2,0.2,0.3,0.1,0.3,0.1,0.3,0.1,0.1,0.3,0.1,0.1,0.3,0.2,0.2,0.3,0.3,0.3,0.3,0.3,0.2,0.1,0.2,0.2,0.1,0.1,0.2,0.2,0.3,0.2,0.3,0.3,0.1,0.3,0.3,1,"r","-19"
"35",0.3,0.2,0.1,0.2,0.3,0.2,0.2,0.1,0.3,0.1,0.3,0.2,0.1,0.3,0.1,0.3,0.1,0.2,0.3,0.1,0.3,0.1,0.3,0.2,0.2,0.3,0.2,0.1,0.2,0.1,0.2,0.1,0.1,0.3,0.2,0.1,0.1,0.1,0.3,0.2,0.2,0.2,0.1,0.2,0.2,0.2,0.1,0.3,0.1,0.3,0.2,0.2,0.3,0.2,0.3,0.2,0.2,0.3,0.3,0.3,0.2,0.2,0.1,0.2,0.1,0.3,0.3,0.2,0.2,0.2,0.3,0.3,0.2,0.1,0.1,0.2,0.2,0.2,0.2,0.2,0.3,0.1,0.2,0.1,0.2,0.2,0.1,0.3,0.3,0.3,0.3,0.1,0.1,0.1,0.1,0.2,0.1,1,"o","-8"
"36",0.1,0.1,0.2,0.1,0.3,0.1,0.1,0.3,0.3,0.3,0.1,0.2,0.2,0.1,0.3,0.1,0.1,0.2,0.3,0.3,0.1,0.2,0.1,0.1,0.3,0.3,0.3,0.2,0.3,0.1,0.2,0.2,0.1,0.1,0.1,0.3,0.1,0.2,0.3,0.1,0.2,0.3,0.3,0.3,0.2,0.2,0.1,0.2,0.2,0.3,0.3,0.1,0.1,0.1,0.3,0.1,0.3,0.1,0.2,0.3,0.2,0.3,0.1,0.3,0.1,0.2,0.1,0.1,0.3,0.2,0.3,0.2,0.1,0.3,0.2,0.2,0.3,0.3,0.3,0.2,0.3,0.1,0.3,0.2,0.1,0.3,0.1,0.2,0.3,0.3,0.3,0.3,0.1,0.1,0.1,0.2,0.1,1,"f","o-6jvd1ma"
"37",0.2,0.1,0.1,0.2,0.3,0.1,0.3,0.3,0.2,0.2,0.2,0.1,0.2,0.3,0.3,0.1,0.3,0.3,0.3,0.2,0.2,0.2,0.2,0.3,0.2,0.3,0.2,0.1,0.3,0.2,0.1,0.3,0.1,0.2,0.2,0.3,0.3,0.3,0.2,0.1,0.1,0.2,0.2,0.2,0.2,0.1,0.3,0.2,0.3,0.1,0.3,0.2,0.2,0.1,0.1,0.1,0.2,0.1,0.3,0.2,0.1,0.3,0.2,0.1,0.1,0.1,0.3,0.3,0.2,0.1,0.1,0.2,0.1,0.3,0.3,0.3,0.1,0.1,0.1,0.3,0.2,0.3,0.3,0.1,0.1,0.2,0.1,0.1,0.2,0.1,0.2,0.2,0.2,0.3,0.3,0.1,0.3,1,"v","-7af-5"
"38",0.2,0.2,0.2,0.3,0.2,0.1,0.1,0.2,0.2,0.1,0.3,0.1,0.1,0.2,0.1,0.1,0.3,0.2,0.2,0.3,0.1,0.3,0.3,0.1,0.1,0.3,0.2,0.1,0.2,0.1,0.2,0.2,0.3,0.3,0.1,0.3,0.2,0.3,0.3,0.2,0.2,0.2,0.2,0.3,0.3,0.1,0.3,0.2,0.2,0.2,0.1,0.1,0.2,0.1,0.1,0.1,0.3,0.3,0.1,0.2,0.3,0.3,0.3,0.1,0.2,0.1,0.3,0.2,0.1,0.2,0.1,0.3,0.1,0.3,0.1,0.1,0.1,0.1,0.3,0.3,0.1,0.3,0.3,0.2,0.3,0.3,0.2,0.3,0.1,0.2,0.2,0.2,0.1,0.2,0.2,0.1,0.2,-1,"h","-9c"
"39",0.2,0.1,0.3,0.2,0.3,0.3,0.3,0.1,0.3,0.2,0.3,0.3,0.3,0.3,0.2,0.3,0.1,0.1,0.3,0.3,0.3,0.3,0.2,0.1,0.3,0.3,0.1,0.2,0.3,0.3,0.2,0.1,0.2,0.1,0.1,0.3,0.1,0.3,0.2,0.2,0.3,0.3,0.3,0.3,0.3,0.2,0.3,0.3,0.2,0.3,0.3,0.1,0.3,0.3,0.1,0.3,0.3,0.1,0.2,0.1,0.2,0.2,0.3,0.2,0.2,0.1,0.1,0.1,0.2,0.3,0.3,0.2,0.1,0.2,0.2,0.1,0.3,0.3,0.1,0.3,0.1,0.2,0.3,0.2,0.2,0.3,0.3,0.2,0.2,0.2,0.1,0.3,0.1,0.3,0.3,0.3,0.1,0,"t","541"
"40",0.1,0.1,0.1,0.3,0.2,0.1,0.1,0.1,0.1,0.3,0.3,0.3,0.1,0.3,0.3,0.2,0.1,0.3,0.1,0.1,0.3,0.2,0.1,0.2,0.2,0.2,0.2,0.1,0.3,0.1,0.2,0.1,0.1,0.2,0.2,0.3,0.1,0.3,0.3,0.1,0.2,0.3,0.3,0.2,0.1,0.1,0.2,0.3,0.2,0.1,0.1,0.3,0.3,0.3,0.1,0.3,0.1,0.3,0.1,0.2,0.3,0.1,0.3,0.3,0.3,0.2,0.2,0.1,0.2,0.3,0.3,0.2,0.3,0.3,0.2,0.1,0.1,0.2,0.3,0.1,0.1,0.1,0.3,0.1,0.3,0.2,0.1,0.2,0.2,0.3,0.3,0.1,0.3,0.1,0.2,0.3,0.3,-1,"z","k-414"
"41",0.3,0.2,0.3,0.2,0.3,0.3,0.3,0.3,0.3,0.1,0.3,0.1,0.3,0.3,0.3,0.3,0.1,0.2,0.3,0.1,0.3,0.2,0.1,0.2,0.3,0.2,0.3,0.1,0.2,0.3,0.2,0.2,0.1,0.1,0.1,0.1,0.2,0.1,0.1,0.1,0.3,0.2,0.3,0.3,0.3,0.1,0.2,0.1,0.1,0.1,0.2,0.1,0.3,0.1,0.2,0.2,0.3,0.1,0.1,0.2,0.1,0.1,0.2,0.2,0.1,0.2,0.3,0.3,0.1,0.3,0.3,0.2,0.2,0.3,0.2,0.2,0.3,0.2,0.2,0.2,0.3,0.1,0.3,0.2,0.1,0.1,0.3,0.2,0.2,0.3,0.2,0.1,0.3,0.1,0.2,0.2,0.1,-1,"i","g-2j82a"
"42",0.2,0.1,0.3,0.1,0.2,0.2,0.2,0.2,0.2,0.1,0.2,0.1,0.2,0.3,0.3,0.3,0.3,0.3,0.1,0.3,0.1,0.2,0.2,0.3,0.1,0.1,0.2,0.3,0.3,0.2,0.1,0.1,0.3,0.1,0.1,0.1,0.3,0.2,0.2,0.2,0.1,0.2,0.2,0.2,0.2,0.3,0.2,0.2,0.1,0.1,0.2,0.2,0.1,0.1,0.2,0.2,0.2,0.2,0.3,0.1,0.2,0.2,0.3,0.2,0.3,0.3,0.2,0.1,0.2,0.3,0.1,0.1,0.3,0.1,0.3,0.2,0.1,0.2,0.2,0.3,0.2,0.3,0.2,0.2,0.3,0.2,0.1,0.2,0.2,0.3,0.1,0.2,0.3,0.3,0.3,0.1,0.1,1,"f","-3ch-17-7g"
"43",0.3,0.3,0.1,0.3,0.3,0.2,0.2,0.1,0.1,0.1,0.3,0.1,0.2,0.2,0.2,0.2,0.1,0.2,0.2,0.2,0.3,0.1,0.3,0.1,0.3,0.1,0.2,0.3,0.3,0.1,0.2,0.1,0.1,0.3,0.3,0.2,0.2,0.1,0.3,0.2,0.2,0.2,0.2,0.2,0.1,0.2,0.3,0.3,0.1,0.1,0.3,0.3,0.1,0.1,0.3,0.3,0.1,0.2,0.2,0.2,0.2,0.1,0.2,0.2,0.3,0.2,0.1,0.1,0.1,0.1,0.2,0.1,0.1,0.1,0.1,0.1,0.1,0.2,0.2,0.1,0.3,0.1,0.2,0.3,0.3,0.1,0.1,0.3,0.2,0.1,0.3,0.1,0.3,0.2,0.1,0.3,0.3,0,"n","m3r"
"44",0.3,0.3,0.1,0.2,0.1,0.1,0.2,0.1,0.3,0.2,0.1,0.2,0.3,0.2,0.3,0.2,0.3,0.1,0.1,0.3,0.2,0.1,0.1,0.3,0.3,0.2,0.2,0.1,0.2,0.1,0.3,0.3,0.3,0.1,0.3,0.3,0.3,0.1,0.3,0.3,0.2,0.2,0.2,0.2,0.1,0.1,0.1,0.2,0.1,0.2,0.2,0.1,0.3,0.2,0.1,0.3,0.3,0.2,0.3,0.1,0.3,0.3,0.2,0.1,0.3,0.3,0.3,0.2,0.3,0.1,0.2,0.1,0.2,0.3,0.2,0.3,0.3,0.1,0.2,0.3,0.3,0.1,0.1,0.2,0.3,0.2,0.3,0.2,0.2,0.3,0.1,0.2,0.1,0.2,0.3,0.2,0.3,1,"o","3ht-9"
"45",0.3,0.2,0.2,0.2,0.3,0.2,0.3,0.1,0.2,0.1,0.2,0.3,0.1,0.1,0.1,0.1,0.2,0.3,0.1,0.2,0.2,0.1,0.1,0.2,0.2,0.3,0.2,0.2,0.1,0.3,0.3,0.1,0.1,0.2,0.1,0.3,0.1,0.3,0.3,0.3,0.3,0.2,0.1,0.2,0.2,0.3,0.3,0.2,0.1,0.2,0.2,0.3,0.3,0.2,0.3,0.2,0.1,0.1,0.2,0.1,0.2,0.1,0.1,0.1,0.2,0.2,0.1,0.2,0.1,0.2,0.2,0.3,0.3,0.2,0.2,0.1,0.1,0.1,0.3,0.1,0.3,0.1,0.3,0.2,0.1,0.2,0.3,0.1,0.3,0.1,0.2,0.2,0.3,0.3,0.2,0.2,0.3,0,"i","1"
"46",0.3,0.1,0.2,0.1,0.1,0.3,0.1,0.2,0.1,0.1,0.1,0.1,0.3,0.2,0.3,0.1,0.3,0.1,0.3,0.2,0.3,0.3,0.1,0.3,0.1,0.2,0.2,0.3,0.2,0.1,0.1,0.1,0.2,0.2,0.1,0.3,0.1,0.1,0.3,0.3,0.1,0.1,0.1,0.1,0.2,0.3,0.2,0.1,0.3,0.3,0.3,0.2,0.3,0.1,0.1,0.3,0.2,0.1,0.3,0.3,0.3,0.2,0.2,0.2,0.2,0.3,0.2,0.1,0.1,0.2,0.3,0.3,0.1,0.3,0.2,0.1,0.3,0.3,0.3,0.1,0.2,0.3,0.1,0.3,0.3,0.3,0.3,0.2,0.1,0.1,0.3,0.3,0.1,0.3,0.1,0.2,0.3,-1,"r","pxl8"
"47",0.3,0.2,0.3,0.2,0.2,0.2,0.1,0.1,0.3,0.3,0.3,0.1,0.2,0.3,0.3,0.3,0.1,0.3,0.3,0.3,0.1,0.3,0.3,0.1,0.2,0.2,0.1,0.1,0.3,0.2,0.1,0.2,0.3,0.1,0.1,0.1,0.3,0.2,0.2,0.3,0.3,0.2,0.1,0.3,0.2,0.2,0.3,0.1,0.3,0.1,0.2,0.2,0.2,0.3,0.2,0.2,0.1,0.2,0.2,0.2,0.2,0.2,0.3,0.1,0.3,0.1,0.2,0.2,0.2,0.1,0.3,0.1,0.3,0.3,0.3,0.2,0.3,0.3,0.3,0.1,0.3,0.2,0.2,0.3,0.2,0.3,0.1,0.2,0.1,0.3,0.2,0.2,0.2,0.3,0.2,0.1,0.1,0,"g","yga-1-2"
"48",0.1,0.2,0.1,0.2,0.3,0.1,0.3,0.1,0.2,0.2,0.2,0.2,0.3,0.1,0.2,0.2,0.2,0.3,0.2,0.2,0.1,0.1,0.1,0.3,0.3,0.1,0.3,0.3,0.2,0.1,0.3,0.1,0.3,0.2,0.1,0.2,0.2,0.2,0.1,0.1,0.3,0.3,0.3,0.2,0.1,0.2,0.3,0.2,0.3,0.3,0.1,0.2,0.2,0.3,0.2,0.1,0.2,0.3,0.3,0.2,0.3,0.2,0.2,0.3,0.1,0.2,0.1,0.1,0.1,0.1,0.1,0.1,0.1,0.2,0.2,0.1,0.1,0.1,0.2,0.3,0.1,0.1,0.3,0.1,0.2,0.1,0.2,0.1,0.2,0.1,0.3,0.1,0.3,0.3,0.3,0.1,0.1,-1,"b","-9"
"49",0.1,0.1,0.3,0.3,0.3,0.2,0.2,0.3,0.1,0.1,0.1,0.1,0.2,0.2,0.3,0.3,0.2,0.2,0.1,0.2,0.3,0.2,0.2,0.2,0.2,0.1,0.3,0.3,0.3,0.2,0.3,0.1,0.2,0.1,0.1,0.3,0.2,0.2,0.1,0.3,0.3,0.3,0.2,0.3,0.1,0.1,0.3,0.2,0.1,0.2,0.3,0.3,0.1,0.3,0.2,0.1,0.1,0.1,0.3,0.1,0.1,0.3,0.2,0.1,0.1,0.3,0.1,0.3,0.2,0.2,0.3,0.1,0.2,0.1,0.3,0.2,0.3,0.1,0.2,0.1,0.3,0.2,0.1,0.1,0.2,0.2,0.2,0.2,0.1,0.2,0.3,0.1,0.1,0.1,0.2,0.2,0.2,0,"h","-63"
"50",0.1,0.1,0.3,0.2,0.3,0.3,0.3,0.1,0.1,0.1,0.1,0.2,0.1,0.2,0.3,0.3,0.1,0.3,0.2,0.3,0.3,0.3,0.2,0.3,0.1,0.1,0.3,0.1,0.2,0.2,0.3,0.2,0.3,0.1,0.2,0.1,0.3,0.2,0.1,0.2,0.1,0.3,0.1,0.2,0.2,0.2,0.2,0.3,0.3,0.2,0.2,0.1,0.1,0.3,0.3,0.2,0.1,0.3,0.3,0.1,0.2,0.3,0.2,0.3,0.1,0.3,0.3,0.2,0.3,0.3,0.3,0.2,0.1,0.1,0.3,0.2,0.3,0.1,0.2,0.1,0.1,0.2,0.2,0.2,0.1,0.2,0.3,0.1,0.2,0.1,0.3,0.2,0.1,0.2,0.2,0.3,0.3,0,"p","71c"
"51",0.3,0.2,0.2,0.1,0.3,0.3,0.2,0.1,0.2,0.2,0.3,0.2,0.2,0.1,0.3,0.3,0.3,0.1,0.1,0.1,0.2,0.3,0.1,0.1,0.1,0.3,0.2,0.3,0.1,0.2,0.3,0.2,0.2,0.2,0.3,0.1,0.3,0.3,0.3,0.3,0.1,0.2,0.3,0.1,0.2,0.3,0.3,0.1,0.3,0.1,0.2,0.1,0.1,0.2,0.2,0.3,0.3,0.3,0.3,0.3,0.2,0.3,0.2,0.2,0.1,0.3,0.1,0.3,0.1,0.3,0.3,0.1,0.1,0.2,0.1,0.2,0.2,0.1,0.3,0.2,0.3,0.3,0.3,0.2,0.1,0.3,0.3,0.2,0.3,0.3,0.3,0.1,0.3,0.2,0.1,0.3,0.2,0,"e","h13"
"52",0.3,0.2,0.2,0.3,0.1,0.2,0.1,0.1,0.3,0.3,0.1,0.1,0.3,0.1,0.1,0.3,0.2,0.1,0.3,0.1,0.2,0.2,0.3,0.3,0.3,0.1,0.3,0.2,0.2,0.1,0.1,0.1,0.3,0.1,0.1,0.3,0.1,0.1,0.3,0.1,0.1,0.1,0.3,0.2,0.3,0.2,0.3,0.2,0.1,0.2,0.1,0.1,0.1,0.3,0.2,0.2,0.3,0.3,0.3,0.2,0.1,0.1,0.1,0.1,0.1,0.1,0.1,0.2,0.1,0.2,0.3,0.3,0.1,0.1,0.2,0.3,0.3,0.3,0.3,0.2,0.1,0.3,0.1,0.3,0.3,0.2,0.2,0.3,0.2,0.1,0.3,0.1,0.2,0.2,0.2,0.3,0.2,-1,"k","ats"
"53",0.3,0.3,0.1,0.3,0.3,0.3,0.3,0.2,0.2,0.1,0.3,0.2,0.3,0.2,0.2,0.3,0.1,0.3,0.3,0.3,0.2,0.2,0.3,0.3,0.3,0.1,0.3,0.1,0.2,0.3,0.2,0.2,0.2,0.2,0.3,0.1,0.3,0.2,0.2,0.3,0.2,0.2,0.1,0.2,0.1,0.3,0.1,0.3,0.2,0.3,0.1,0.1,0.1,0.1,0.3,0.3,0.1,0.3,0.2,0.3,0.3,0.2,0.1,0.3,0.3,0.3,0.2,0.1,0.2,0.3,0.3,0.2,0.3,0.1,0.1,0.2,0.1,0.3,0.1,0.3,0.3,0.1,0.1,0.2,0.1,0.1,0.1,0.2,0.2,0.1,0.3,0.1,0.3,0.2,0.2,0.1,0.2,0,"z","2-1-5"
"54",0.3,0.1,0.1,0.1,0.1,0.3,0.1,0.1,0.3,0.2,0.2,0.2,0.2,0.2,0.2,0.1,0.2,0.3,0.1,0.1,0.3,0.3,0.3,0.3,0.2,0.1,0.2,0.2,0.2,0.3,0.3,0.1,0.3,0.1,0.2,0.3,0.1,0.1,0.3,0.2,0.3,0.1,0.2,0.1,0.2,0.3,0.3,0.2,0.1,0.3,0.3,0.2,0.1,0.3,0.1,0.2,0.1,0.2,0.1,0.2,0.1,0.2,0.1,0.1,0.3,0.1,0.1,0.2,0.1,0.1,0.2,0.1,0.1,0.2,0.1,0.1,0.1,0.3,0.3,0.3,0.3,0.1,0.1,0.1,0.3,0.1,0.2,0.2,0.2,0.2,0.2,0.2,0.1,0.2,0.2,0.1,0.2,0,"y","-731gcbj"
"55",0.3,0.2,0.3,0.1,0.1,0.1,0.3,0.1,0.1,0.3,0.2,0.2,0.1,0.1,0.1,0.1,0.1,0.2,0.1,0.3,0.1,0.3,0.3,0.2,0.1,0.2,0.2,0.3,0.2,0.3,0.3,0.2,0.2,0.3,0.2,0.3,0.3,0.2,0.1,0.3,0.3,0.2,0.1,0.3,0.1,0.2,0.2,0.3,0.3,0.1,0.3,0.2,0.1,0.2,0.2,0.2,0.2,0.2,0.1,0.3,0.3,0.1,0.1,0.1,0.3,0.1,0.2,0.2,0.3,0.1,0.3,0.1,0.1,0.1,0.2,0.2,0.3,0.2,0.3,0.2,0.2,0.3,0.1,0.2,0.2,0.1,0.2,0.1,0.3,0.1,0.2,0.2,0.1,0.3,0.2,0.2,0.2,1,"v","i-4kf"
"56",0.1,0.2,0.1,0.2,0.1,0.3,0.3,0.1,0.3,0.1,0.1,0.2,0.2,0.1,0.3,0.2,0.2,0.3,0.1,0.1,0.3,0.3,0.2,0.2,0.3,0.3,0.1,0.3,0.3,0.3,0.2,0.3,0.3,0.3,0.3,0.1,0.1,0.3,0.3,0.1,0.1,0.3,0.1,0.1,0.3,0.3,0.3,0.3,0.2,0.2,0.3,0.2,0.1,0.3,0.2,0.2,0.1,0.2,0.1,0.2,0.3,0.1,0.1,0.1,0.1,0.2,0.2,0.3,0.3,0.2,0.3,0.2,0.2,0.2,0.3,0.1,0.3,0.2,0.2,0.2,0.1,0.2,0.2,0.2,0.2,0.2,0.2,0.3,0.1,0.2,0.3,0.1,0.2,0.3,0.1,0.2,0.3,1,"u","u-4"
"57",0.1,0.3,0.3,0.2,0.3,0.3,0.3,0.2,0.2,0.3,0.3,0.2,0.3,0.1,0.2,0.1,0.3,0.3,0.3,0.3,0.1,0.3,0.2,0.3,0.2,0.1,0.1,0.3,0.2,0.1,0.2,0.2,0.1,0.2,0.1,0.1,0.2,0.1,0.1,0.2,0.1,0.1,0.3,0.3,0.1,0.1,0.3,0.2,0.1,0.3,0.3,0.3,0.2,0.3,0.3,0.2,0.3,0.2,0.1,0.1,0.1,0.2,0.2,0.3,0.3,0.2,0.1,0.2,0.1,0.2,0.1,0.3,0.3,0.2,0.3,0.2,0.2,0.1,0.1,0.1,0.3,0.2,0.3,0.1,0.2,0.1,0.2,0.2,0.1,0.3,0.3,0.3,0.1,0.2,0.2,0.2,0.1,-1,"x","-6dp-8"
"58",0.1,0.1,0.2,0.3,0.3,0.3,0.2,0.2,0.3,0.2,0.3,0.1,0.3,0.3,0.1,0.2,0.3,0.2,0.2,0.1,0.2,0.2,0.3,0.3,0.1,0.2,0.1,0.1,0.2,0.3,0.3,0.3,0.1,0.1,0.1,0.3,0.1,0.3,0.1,0.1,0.1,0.3,0.3,0.3,0.1,0.3,0.2,0.2,0.2,0.3,0.1,0.3,0.1,0.1,0.1,0.1,0.1,0.2,0.1,0.2,0.2,0.1,0.2,0.1,0.1,0.2,0.3,0.1,0.3,0.3,0.2,0.1,0.2,0.3,0.2,0.3,0.3,0.2,0.2,0.1,0.3,0.3,0.2,0.1,0.3,0.2,0.1,0.2,0.1,0.3,0.2,0.2,0.3,0.3,0.2,0.1,0.1,1,"q","z-10"
"59",0.3,0.2,0.2,0.1,0.3,0.2,0.2,0.2,0.3,0.2,0.2,0.2,0.3,0.2,0.1,0.2,0.3,0.3,0.2,0.2,0.1,0.2,0.2,0.3,0.2,0.3,0.3,0.3,0.3,0.3,0.3,0.3,0.1,0.1,0.3,0.1,0.3,0.3,0.1,0.1,0.1,0.2,0.1,0.3,0.1,0.2,0.3,0.3,0.3,0.2,0.2,0.3,0.3,0.2,0.3,0.2,0.2,0.1,0.2,0.3,0.3,0.2,0.3,0.1,0.2,0.2,0.2,0.3,0.3,0.3,0.3,0.2,0.3,0.2,0.2,0.3,0.3,0.2,0.2,0.2,0.1,0.3,0.1,0.2,0.2,0.3,0.1,0.1,0.1,0.3,0.1,0.3,0.1,0.3,0.3,0.3,0.1,-1,"k","mrj1"
"60",0.2,0.1,0.3,0.2,0.3,0.2,0.1,0.1,0.1,0.3,0.3,0.2,0.2,0.3,0.2,0.2,0.2,0.1,0.2,0.3,0.2,0.1,0.1,0.3,0.2,0.1,0.1,0.3,0.1,0.2,0.2,0.3,0.2,0.2,0.3,0.2,0.1,0.2,0.1,0.3,0.1,0.3,0.3,0.2,0.2,0.3,0.2,0.3,0.1,0.2,0.1,0.3,0.1,0.2,0.2,0.1,0.1,0.3,0.2,0.1,0.3,0.3,0.3,0.3,0.2,0.2,0.3,0.2,0.1,0.1,0.1,0.2,0.2,0.1,0.1,0.3,0.1,0.2,0.3,0.3,0.1,0.2,0.3,0.1,0.2,0.1,0.2,0.1,0.1,0.3,0.2,0.2,0.2,0.1,0.3,0.3,0.1,-1,"v","-4uwbrm1"
"61",0.3,0.3,0.2,0.2,0.1,0.3,0.2,0.3,0.2,0.3,0.3,0.2,0.3,0.1,0.1,0.2,0.3,0.2,0.2,0.1,0.3,0.3,0.2,0.1,0.2,0.2,0.1,0.3,0.3,0.3,0.2,0.2,0.3,0.1,0.1,0.3,0.3,0.3,0.1,0.3,0.2,0.3,0.1,0.1,0.2,0.1,0.3,0.3,0.2,0.1,0.1,0.2,0.1,0.1,0.2,0.1,0.3,0.3,0.1,0.2,0.3,0.1,0.1,0.2,0.1,0.1,0.1,0.2,0.2,0.1,0.1,0.1,0.1,0.1,0.1,0.3,0.3,0.1,0.3,0.1,0.2,0.3,0.1,0.2,0.3,0.3,0.3,0.1,0.2,0.3,0.3,0.2,0.3,0.1,0.3,0.2,0.3,1,"r","w9-7-2-9bj"
"62",0.2,0.3,0.2,0.2,0.2,0.2,0.2,0.1,0.1,0.1,0.3,0.1,0.2,0.3,0.3,0.1,0.3,0.1,0.2,0.1,0.2,0.2,0.3,0.2,0.2,0.1,0.2,0.2,0.1,0.1,0.2,0.2,0.1,0.2,0.3,0.3,0.1,0.3,0.1,0.2,0.2,0.3,0.3,0.2,0.1,0.2,0.3,0.2,0.3,0.3,0.3,0.1,0.2,0.2,0.3,0.1,0.1,0.1,0.1,0.1,0.1,0.1,0.1,0.2,0.3,0.2,0.1,0.1,0.3,0.3,0.2,0.1,0.2,0.1,0.3,0.2,0.2,0.1,0.3,0.3,0.2,0.2,0.1,0.1,0.3,0.1,0.1,0.2,0.2,0.1,0.2,0.2,0.1,0.2,0.3,0.2,0.1,-1,"x","-8ip"
"63",0.3,0.3,0.1,0.3,0.1,0.2,0.2,0.2,0.2,0.2,0.1,0.1,0.1,0.2,0.2,0.3,0.1,0.1,0.2,0.1,0.1,0.2,0.1,0.3,0.3,0.3,0.3,0.2,0.2,0.2,0.1,0.3,0.2,0.3,0.1,0.3,0.1,0.3,0.2,0.1,0.1,0.2,0.3,0.2,0.3,0.2,0.1,0.3,0.3,0.1,0.3,0.2,0.3,0.2,0.1,0.2,0.3,0.3,0.1,0.2,0.2,0.3,0.2,0.1,0.3,0.2,0.1,0.2,0.3,0.3,0.1,0.2,0.1,0.3,0.1,0.3,0.2,0.1,0.1,0.3,0.2,0.1,0.1,0.1,0.1,0.1,0.1,0.2,0.3,0.3,0.2,0.2,0.1,0.3,0.1,0.2,0.3,0,"s","b"
"64",0.3,0.1,0.3,0.2,0.3,0.1,0.1,0.2,0.1,0.1,0.3,0.1,0.3,0.1,0.3,0.2,0.1,0.1,0.2,0.2,0.3,0.2,0.1,0.1,0.3,0.3,0.2,0.3,0.1,0.2,0.3,0.3,0.1,0.2,0.3,0.2,0.2,0.3,0.3,0.1,0.2,0.1,0.3,0.1,0.1,0.2,0.2,0.2,0.3,0.3,0.3,0.1,0.3,0.3,0.1,0.3,0.3,0.2,0.3,0.3,0.2,0.1,0.3,0.1,0.1,0.3,0.2,0.1,0.1,0.3,0.1,0.2,0.1,0.1,0.2,0.1,0.1,0.3,0.3,0.2,0.1,0.2,0.1,0.2,0.3,0.3,0.3,0.2,0.2,0.2,0.3,0.2,0.1,0.3,0.1,0.3,0.2,1,"l","mi-5f-4o-8"
"65",0.1,0.2,0.1,0.2,0.1,0.2,0.1,0.1,0.1,0.2,0.1,0.2,0.2,0.3,0.2,0.3,0.2,0.3,0.3,0.3,0.1,0.1,0.2,0.3,0.3,0.2,0.3,0.1,0.3,0.3,0.2,0.2,0.3,0.1,0.2,0.2,0.2,0.3,0.3,0.1,0.1,0.3,0.1,0.2,0.3,0.1,0.2,0.3,0.3,0.3,0.1,0.2,0.1,0.1,0.1,0.3,0.1,0.3,0.2,0.2,0.1,0.1,0.1,0.3,0.1,0.3,0.3,0.2,0.3,0.2,0.3,0.3,0.1,0.2,0.3,0.2,0.2,0.3,0.1,0.3,0.1,0.2,0.1,0.2,0.2,0.1,0.2,0.3,0.2,0.3,0.2,0.1,0.2,0.3,0.3,0.2,0.3,0,"l","m72tg"
"66",0.2,0.3,0.2,0.3,0.1,0.2,0.3,0.2,0.2,0.1,0.1,0.3,0.3,0.2,0.3,0.1,0.2,0.1,0.1,0.1,0.3,0.3,0.1,0.2,0.3,0.1,0.1,0.3,0.2,0.3,0.2,0.2,0.3,0.3,0.2,0.3,0.1,0.2,0.3,0.2,0.1,0.2,0.3,0.3,0.2,0.2,0.1,0.3,0.3,0.1,0.3,0.2,0.3,0.2,0.2,0.1,0.2,0.3,0.3,0.3,0.1,0.1,0.2,0.3,0.3,0.3,0.1,0.1,0.3,0.3,0.1,0.2,0.2,0.1,0.1,0.3,0.1,0.1,0.1,0.2,0.2,0.3,0.2,0.1,0.3,0.2,0.1,0.2,0.3,0.2,0.2,0.2,0.2,0.1,0.2,0.2,0.2,1,"d","-2zjdg7r"
"67",0.3,0.2,0.3,0.1,0.1,0.3,0.3,0.3,0.1,0.3,0.2,0.2,0.3,0.1,0.2,0.1,0.1,0.2,0.1,0.1,0.1,0.1,0.1,0.1,0.2,0.3,0.2,0.1,0.2,0.1,0.1,0.1,0.3,0.3,0.1,0.2,0.1,0.1,0.1,0.3,0.2,0.2,0.3,0.3,0.3,0.1,0.3,0.3,0.1,0.1,0.2,0.1,0.2,0.3,0.3,0.2,0.3,0.1,0.1,0.3,0.1,0.1,0.3,0.1,0.1,0.3,0.1,0.1,0.1,0.1,0.3,0.1,0.2,0.3,0.3,0.3,0.3,0.3,0.1,0.1,0.2,0.3,0.1,0.3,0.1,0.3,0.3,0.2,0.1,0.1,0.3,0.3,0.3,0.3,0.3,0.1,0.2,-1,"m","w5o7fjz"
"68",0.3,0.1,0.3,0.1,0.2,0.2,0.2,0.1,0.1,0.1,0.1,0.3,0.1,0.2,0.3,0.3,0.2,0.1,0.1,0.2,0.3,0.1,0.2,0.2,0.3,0.1,0.1,0.2,0.1,0.1,0.2,0.3,0.2,0.3,0.2,0.2,0.2,0.1,0.2,0.3,0.3,0.1,0.1,0.3,0.3,0.3,0.1,0.1,0.2,0.3,0.1,0.1,0.3,0.3,0.3,0.1,0.1,0.3,0.1,0.1,0.3,0.2,0.2,0.2,0.3,0.2,0.2,0.3,0.1,0.3,0.1,0.1,0.3,0.2,0.2,0.1,0.1,0.1,0.3,0.3,0.2,0.2,0.2,0.2,0.2,0.1,0.1,0.3,0.1,0.1,0.2,0.2,0.3,0.3,0.2,0.1,0.1,0,"k","0oi7br"
"69",0.2,0.1,0.3,0.1,0.2,0.2,0.3,0.1,0.2,0.3,0.1,0.3,0.3,0.3,0.1,0.1,0.1,0.3,0.3,0.3,0.2,0.3,0.2,0.1,0.2,0.3,0.1,0.1,0.2,0.1,0.1,0.1,0.3,0.2,0.1,0.2,0.1,0.3,0.1,0.2,0.2,0.3,0.1,0.1,0.1,0.2,0.3,0.3,0.1,0.3,0.3,0.2,0.1,0.2,0.2,0.2,0.3,0.3,0.3,0.2,0.2,0.2,0.2,0.1,0.2,0.3,0.3,0.2,0.1,0.3,0.2,0.3,0.3,0.1,0.3,0.3,0.1,0.3,0.1,0.3,0.2,0.1,0.1,0.1,0.3,0.3,0.1,0.1,0.2,0.3,0.3,0.3,0.2,0.3,0.3,0.1,0.3,0,"e","ru0bg3e-8"
"70",0.1,0.3,0.2,0.3,0.3,0.1,0.1,0.2,0.3,0.2,0.1,0.1,0.3,0.1,0.1,0.3,0.1,0.2,0.2,0.3,0.2,0.2,0.2,0.1,0.1,0.2,0.3,0.2,0.2,0.3,0.3,0.3,0.2,0.3,0.2,0.1,0.3,0.3,0.3,0.2,0.1,0.1,0.2,0.1,0.2,0.3,0.3,0.1,0.3,0.3,0.3,0.3,0.1,0.1,0.1,0.1,0.2,0.2,0.1,0.3,0.3,0.2,0.1,0.1,0.3,0.1,0.1,0.1,0.3,0.3,0.2,0.2,0.2,0.1,0.2,0.2,0.2,0.2,0.2,0.1,0.1,0.2,0.1,0.1,0.2,0.1,0.1,0.2,0.1,0.2,0.1,0.1,0.3,0.2,0.1,0.3,0.2,-1,"o","p"
"71",0.2,0.2,0.2,0.1,0.3,0.3,0.2,0.2,0.1,0.3,0.1,0.3,0.2,0.2,0.2,0.1,0.2,0.3,0.1,0.2,0.2,0.3,0.2,0.3,0.1,0.2,0.3,0.1,0.3,0.3,0.1,0.1,0.2,0.2,0.2,0.3,0.3,0.2,0.3,0.2,0.3,0.2,0.3,0.2,0.2,0.2,0.3,0.2,0.3,0.3,0.1,0.1,0.1,0.2,0.3,0.1,0.3,0.3,0.3,0.2,0.2,0.3,0.2,0.1,0.1,0.3,0.1,0.2,0.3,0.1,0.2,0.1,0.2,0.2,0.1,0.1,0.3,0.3,0.3,0.3,0.3,0.1,0.1,0.3,0.3,0.3,0.3,0.2,0.2,0.1,0.2,0.1,0.2,0.3,0.1,0.1,0.1,-1,"q","y-6i7d"
"72",0.2,0.1,0.1,0.1,0.3,0.2,0.1,0.1,0.2,0.3,0.3,0.1,0.2,0.3,0.1,0.2,0.2,0.2,0.2,0.3,0.2,0.3,0.2,0.1,0.2,0.3,0.2,0.2,0.1,0.2,0.3,0.2,0.1,0.1,0.1,0.3,0.3,0.3,0.3,0.2,0.3,0.3,0.3,0.3,0.2,0.3,0.3,0.2,0.2,0.1,0.2,0.1,0.2,0.1,0.1,0.1,0.2,0.1,0.3,0.1,0.3,0.1,0.1,0.2,0.1,0.3,0.2,0.3,0.1,0.3,0.1,0.3,0.1,0.1,0.2,0.1,0.3,0.3,0.3,0.1,0.2,0.1,0.3,0.3,0.1,0.3,0.2,0.2,0.2,0.1,0.2,0.1,0.1,0.2,0.2,0.1,0.2,0,"j","4or"
"73",0.3,0.1,0.2,0.2,0.2,0.1,0.3,0.2,0.1,0.2,0.1,0.2,0.2,0.3,0.2,0.3,0.3,0.1,0.2,0.2,0.3,0.2,0.3,0.1,0.1,0.2,0.3,0.2,0.3,0.2,0.1,0.2,0.1,0.2,0.3,0.3,0.1,0.1,0.1,0.3,0.3,0.3,0.2,0.1,0.2,0.2,0.2,0.3,0.2,0.2,0.1,0.2,0.3,0.2,0.2,0.1,0.2,0.1,0.1,0.1,0.3,0.1,0.1,0.3,0.2,0.1,0.2,0.3,0.1,0.2,0.3,0.2,0.3,0.2,0.3,0.3,0.1,0.3,0.2,0.3,0.2,0.3,0.2,0.3,0.2,0.3,0.2,0.3,0.1,0.1,0.3,0.3,0.1,0.1,0.1,0.1,0.1,-1,"b","zxuy"
"74",0.2,0.1,0.3,0.1,0.2,0.2,0.2,0.3,0.2,0.2,0.3,0.1,0.3,0.1,0.1,0.1,0.2,0.3,0.1,0.3,0.3,0.1,0.2,0.1,0.2,0.1,0.1,0.2,0.1,0.2,0.1,0.1,0.2,0.1,0.3,0.2,0.1,0.1,0.3,0.3,0.3,0.2,0.1,0.2,0.1,0.2,0.3,0.1,0.3,0.3,0.1,0.1,0.3,0.2,0.2,0.2,0.3,0.2,0.2,0.3,0.2,0.1,0.1,0.1,0.3,0.2,0.3,0.1,0.1,0.1,0.3,0.3,0.3,0.2,0.3,0.1,0.2,0.2,0.1,0.3,0.3,0.3,0.2,0.2,0.1,0.2,0.3,0.3,0.1,0.1,0.2,0.2,0.3,0.1,0.2,0.2,0.1,1,"h","1q3-5-6w"
"75",0.3,0.3,0.3,0.3,0.2,0.3,0.2,0.2,0.3,0.1,0.2,0.3,0.2,0.2,0.3,0.1,0.2,0.2,0.3,0.1,0.1,0.3,0.3,0.3,0.2,0.3,0.2,0.2,0.2,0.2,0.2,0.3,0.3,0.1,0.3,0.1,0.3,0.1,0.1,0.1,0.1,0.1,0.3,0.2,0.3,0.1,0.3,0.2,0.2,0.1,0.1,0.3,0.2,0.3,0.3,0.2,0.1,0.3,0.2,0.2,0.3,0.2,0.2,0.2,0.3,0.1,0.1,0.3,0.2,0.2,0.2,0.1,0.3,0.1,0.2,0.3,0.2,0.2,0.2,0.3,0.1,0.2,0.2,0.2,0.1,0.2,0.3,0.1,0.2,0.3,0.1,0.1,0.3,0.2,0.2,0.3,0.1,1,"k","vo"
"76",0.3,0.1,0.1,0.1,0.1,0.3,0.1,0.3,0.2,0.2,0.1,0.2,0.2,0.1,0.3,0.1,0.1,0.3,0.1,0.1,0.3,0.2,0.3,0.3,0.3,0.3,0.2,0.2,0.3,0.1,0.3,0.1,0.3,0.1,0.3,0.2,0.3,0.2,0.1,0.3,0.2,0.1,0.1,0.1,0.2,0.2,0.3,0.1,0.2,0.1,0.1,0.2,0.2,0.3,0.2,0.3,0.1,0.2,0.1,0.2,0.1,0.1,0.1,0.2,0.2,0.1,0.2,0.2,0.3,0.3,0.2,0.3,0.3,0.3,0.1,0.2,0.1,0.1,0.2,0.2,0.1,0.1,0.2,0.3,0.1,0.2,0.1,0.2,0.1,0.2,0.1,0.3,0.2,0.1,0.2,0.1,0.3,1,"q","-6dnbj9-7"
"77",0.1,0.2,0.1,0.3,0.1,0.2,0.1,0.1,0.1,0.1,0.2,0.3,0.1,0.3,0.1,0.3,0.1,0.1,0.2,0.3,0.3,0.2,0.3,0.2,0.1,0.1,0.2,0.1,0.2,0.1,0.2,0.2,0.3,0.2,0.1,0.1,0.1,0.2,0.1,0.2,0.1,0.3,0.1,0.1,0.3,0.2,0.2,0.1,0.3,0.3,0.3,0.3,0.3,0.3,0.1,0.2,0.1,0.3,0.3,0.3,0.3,0.2,0.2,0.2,0.3,0.1,0.3,0.3,0.2,0.1,0.1,0.2,0.2,0.3,0.3,0.1,0.2,0.2,0.1,0.2,0.3,0.3,0.2,0.2,0.2,0.3,0.1,0.1,0.1,0.2,0.3,0.1,0.1,0.3,0.1,0.3,0.3,1,"k","-9u"
"78",0.3,0.3,0.2,0.2,0.2,0.2,0.1,0.1,0.1,0.2,0.2,0.3,0.2,0.3,0.1,0.3,0.2,0.2,0.1,0.2,0.2,0.1,0.2,0.3,0.2,0.2,0.3,0.2,0.2,0.2,0.2,0.3,0.2,0.1,0.2,0.1,0.2,0.2,0.2,0.2,0.1,0.3,0.2,0.2,0.1,0.2,0.3,0.1,0.1,0.1,0.1,0.2,0.1,0.1,0.1,0.1,0.3,0.1,0.3,0.3,0.2,0.3,0.3,0.2,0.2,0.2,0.3,0.3,0.3,0.3,0.1,0.2,0.1,0.1,0.1,0.2,0.2,0.2,0.3,0.2,0.2,0.1,0.2,0.2,0.3,0.2,0.1,0.3,0.1,0.1,0.3,0.3,0.3,0.2,0.1,0.1,0.3,0,"v","-1f-9s-48y"
"79",0.3,0.2,0.3,0.3,0.1,0.2,0.2,0.2,0.2,0.3,0.2,0.3,0.1,0.3,0.2,0.3,0.1,0.2,0.3,0.1,0.2,0.2,0.1,0.3,0.2,0.1,0.2,0.2,0.2,0.2,0.3,0.3,0.3,0.2,0.2,0.3,0.3,0.1,0.2,0.3,0.1,0.3,0.1,0.3,0.3,0.1,0.1,0.3,0.1,0.1,0.2,0.1,0.3,0.1,0.1,0.2,0.2,0.2,0.3,0.1,0.1,0.2,0.1,0.3,0.2,0.1,0.1,0.2,0.2,0.1,0.1,0.2,0.2,0.2,0.3,0.2,0.2,0.1,0.3,0.3,0.3,0.1,0.1,0.1,0.3,0.2,0.3,0.2,0.2,0.1,0.1,0.1,0.3,0.2,0.2,0.3,0.2,1,"f","-4p"
"80",0.3,0.1,0.3,0.1,0.3,0.1,0.2,0.1,0.1,0.1,0.3,0.2,0.3,0.2,0.3,0.3,0.3,0.2,0.2,0.1,0.2,0.2,0.1,0.2,0.1,0.3,0.2,0.1,0.1,0.2,0.2,0.2,0.2,0.3,0.3,0.2,0.1,0.2,0.2,0.3,0.2,0.2,0.3,0.3,0.2,0.2,0.2,0.1,0.2,0.3,0.1,0.1,0.2,0.2,0.1,0.3,0.2,0.2,0.3,0.3,0.3,0.3,0.3,0.3,0.3,0.1,0.3,0.1,0.1,0.2,0.3,0.3,0.2,0.1,0.2,0.2,0.2,0.1,0.2,0.1,0.1,0.3,0.2,0.1,0.2,0.1,0.2,0.2,0.2,0.1,0.1,0.2,0.2,0.1,0.3,0.3,0.2,1,"c","qmnd-5-92"
"81",0.1,0.3,0.1,0.3,0.3,0.2,0.2,0.2,0.1,0.3,0.2,0.2,0.3,0.3,0.2,0.3,0.2,0.1,0.3,0.3,0.1,0.2,0.3,0.2,0.2,0.1,0.2,0.3,0.1,0.3,0.3,0.3,0.1,0.1,0.1,0.2,0.3,0.3,0.2,0.1,0.1,0.3,0.2,0.3,0.2,0.1,0.1,0.1,0.3,0.1,0.3,0.1,0.1,0.2,0.1,0.1,0.2,0.1,0.2,0.3,0.2,0.1,0.1,0.2,0.1,0.2,0.2,0.1,0.1,0.2,0.1,0.3,0.2,0.1,0.2,0.2,0.2,0.2,0.2,0.2,0.2,0.1,0.1,0.3,0.2,0.1,0.1,0.3,0.1,0.3,0.1,0.3,0.1,0.2,0.2,0.2,0.3,1,"s","h-23mnpw"
"82",0.2,0.3,0.1,0.3,0.1,0.1,0.3,0.3,0.3,0.1,0.1,0.2,0.2,0.1,0.2,0.1,0.3,0.3,0.2,0.1,0.1,0.2,0.1,0.3,0.2,0.2,0.1,0.3,0.3,0.2,0.1,0.2,0.1,0.1,0.3,0.3,0.3,0.2,0.1,0.3,0.1,0.2,0.1,0.3,0.1,0.2,0.2,0.3,0.2,0.2,0.3,0.3,0.1,0.3,0.3,0.1,0.3,0.2,0.3,0.1,0.2,0.2,0.3,0.2,0.2,0.1,0.1,0.1,0.1,0.3,0.1,0.2,0.1,0.2,0.2,0.1,0.2,0.2,0.3,0.2,0.1,0.2,0.3,0.1,0.1,0.2,0.1,0.3,0.2,0.1,0.3,0.1,0.3,0.3,0.1,0.1,0.2,0,"p","ke67"
"83",0.1,0.3,0.1,0.3,0.3,0.2,0.2,0.3,0.3,0.3,0.1,0.1,0.2,0.3,0.3,0.3,0.2,0.3,0.3,0.1,0.2,0.1,0.3,0.3,0.3,0.3,0.2,0.3,0.2,0.1,0.2,0.1,0.2,0.1,0.1,0.1,0.2,0.1,0.2,0.1,0.1,0.2,0.2,0.2,0.3,0.1,0.3,0.3,0.1,0.1,0.3,0.3,0.1,0.3,0.3,0.3,0.2,0.2,0.3,0.3,0.3,0.2,0.3,0.1,0.3,0.2,0.1,0.3,0.3,0.1,0.3,0.1,0.3,0.2,0.2,0.1,0.2,0.3,0.2,0.3,0.3,0.2,0.3,0.2,0.1,0.3,0.2,0.1,0.3,0.2,0.2,0.3,0.1,0.3,0.1,0.1,0.1,0,"k","la"
"84",0.3,0.2,0.2,0.2,0.1,0.1,0.1,0.2,0.1,0.3,0.1,0.2,0.1,0.2,0.3,0.1,0.1,0.2,0.1,0.3,0.1,0.3,0.2,0.2,0.3,0.1,0.2,0.2,0.3,0.1,0.3,0.3,0.2,0.2,0.3,0.2,0.1,0.1,0.2,0.2,0.1,0.2,0.2,0.2,0.1,0.3,0.2,0.1,0.3,0.1,0.3,0.3,0.1,0.2,0.1,0.2,0.1,0.2,0.1,0.3,0.2,0.1,0.1,0.3,0.3,0.2,0.1,0.3,0.2,0.1,0.1,0.2,0.2,0.2,0.3,0.1,0.3,0.1,0.2,0.1,0.1,0.3,0.1,0.3,0.1,0.1,0.2,0.1,0.2,0.1,0.1,0.1,0.1,0.2,0.1,0.3,0.1,1,"q","-4487jt-1-5"
"85",0.3,0.3,0.1,0.2,0.3,0.3,0.1,0.1,0.1,0.2,0.3,0.3,0.2,0.2,0.3,0.1,0.1,0.3,0.3,0.2,0.3,0.3,0.3,0.2,0.3,0.1,0.2,0.1,0.2,0.3,0.1,0.3,0.1,0.3,0.2,0.3,0.2,0.2,0.3,0.3,0.3,0.2,0.1,0.1,0.1,0.2,0.1,0.3,0.3,0.2,0.3,0.2,0.2,0.3,0.1,0.2,0.3,0.3,0.3,0.2,0.1,0.2,0.1,0.1,0.2,0.2,0.3,0.1,0.1,0.2,0.1,0.2,0.1,0.3,0.3,0.3,0.1,0.3,0.1,0.1,0.3,0.1,0.2,0.1,0.2,0.1,0.1,0.3,0.3,0.1,0.3,0.2,0.3,0.1,0.2,0.3,0.3,-1,"a","l"
"86",0.3,0.3,0.3,0.1,0.3,0.1,0.1,0.1,0.3,0.2,0.1,0.3,0.3,0.1,0.2,0.2,0.3,0.3,0.3,0.2,0.1,0.2,0.2,0.3,0.3,0.1,0.3,0.1,0.2,0.3,0.1,0.2,0.2,0.2,0.1,0.3,0.1,0.3,0.3,0.1,0.2,0.1,0.3,0.1,0.2,0.2,0.3,0.2,0.2,0.2,0.3,0.1,0.2,0.1,0.3,0.3,0.1,0.2,0.3,0.2,0.3,0.1,0.1,0.2,0.2,0.1,0.2,0.2,0.2,0.2,0.2,0.2,0.1,0.1,0.1,0.1,0.2,0.2,0.2,0.1,0.3,0.2,0.1,0.1,0.1,0.2,0.2,0.1,0.2,0.2,0.1,0.1,0.2,0.3,0.3,0.3,0.3,1,"r","2leox6i-8"
"87",0.3,0.3,0.1,0.3,0.2,0.2,0.2,0.3,0.1,0.1,0.1,0.1,0.1,0.2,0.1,0.2,0.2,0.3,0.2,0.2,0.3,0.2,0.1,0.2,0.2,0.1,0.2,0.3,0.1,0.2,0.1,0.3,0.3,0.1,0.1,0.3,0.3,0.3,0.1,0.3,0.3,0.2,0.3,0.2,0.1,0.2,0.3,0.2,0.3,0.1,0.2,0.3,0.3,0.2,0.3,0.1,0.2,0.1,0.1,0.3,0.3,0.3,0.3,0.1,0.2,0.3,0.2,0.1,0.2,0.1,0.2,0.3,0.1,0.2,0.1,0.3,0.1,0.1,0.1,0.1,0.1,0.2,0.1,0.1,0.2,0.3,0.2,0.1,0.3,0.1,0.2,0.2,0.3,0.2,0.3,0.2,0.1,-1,"x","kby60vhe"
"88",0.2,0.3,0.1,0.3,0.2,0.3,0.2,0.1,0.1,0.1,0.3,0.3,0.3,0.1,0.3,0.1,0.3,0.1,0.2,0.3,0.1,0.3,0.2,0.3,0.2,0.2,0.1,0.3,0.3,0.3,0.3,0.2,0.1,0.3,0.1,0.1,0.2,0.3,0.3,0.1,0.1,0.3,0.3,0.1,0.3,0.3,0.1,0.3,0.2,0.3,0.1,0.1,0.1,0.2,0.2,0.3,0.1,0.1,0.1,0.1,0.1,0.2,0.3,0.2,0.1,0.1,0.2,0.2,0.2,0.2,0.2,0.1,0.3,0.2,0.2,0.1,0.1,0.3,0.3,0.3,0.1,0.3,0.1,0.3,0.2,0.1,0.1,0.3,0.1,0.2,0.2,0.2,0.1,0.2,0.3,0.3,0.3,0,"l","w-5etgi"
"89",0.3,0.3,0.3,0.3,0.3,0.3,0.3,0.2,0.2,0.3,0.1,0.1,0.3,0.2,0.1,0.3,0.2,0.1,0.3,0.2,0.3,0.3,0.1,0.3,0.3,0.1,0.1,0.1,0.2,0.1,0.2,0.3,0.2,0.2,0.2,0.2,0.2,0.3,0.2,0.1,0.2,0.2,0.2,0.2,0.2,0.1,0.1,0.1,0.1,0.3,0.2,0.3,0.2,0.3,0.3,0.1,0.2,0.3,0.1,0.3,0.3,0.1,0.1,0.3,0.1,0.3,0.3,0.2,0.1,0.3,0.3,0.1,0.1,0.3,0.2,0.3,0.3,0.2,0.1,0.1,0.1,0.2,0.2,0.3,0.3,0.2,0.2,0.3,0.2,0.2,0.3,0.3,0.2,0.2,0.3,0.3,0.3,-1,"k","-2"
"90",0.3,0.2,0.2,0.1,0.2,0.3,0.2,0.2,0.3,0.3,0.3,0.1,0.2,0.3,0.2,0.1,0.3,0.1,0.1,0.3,0.1,0.3,0.2,0.2,0.2,0.1,0.3,0.1,0.3,0.2,0.2,0.1,0.3,0.3,0.3,0.2,0.1,0.2,0.3,0.3,0.3,0.2,0.3,0.1,0.1,0.2,0.2,0.2,0.1,0.1,0.3,0.2,0.2,0.3,0.1,0.2,0.2,0.3,0.3,0.3,0.3,0.2,0.1,0.1,0.1,0.2,0.3,0.2,0.3,0.1,0.3,0.2,0.1,0.1,0.2,0.2,0.1,0.1,0.1,0.3,0.2,0.3,0.1,0.3,0.3,0.1,0.3,0.3,0.2,0.2,0.2,0.1,0.2,0.2,0.2,0.3,0.3,-1,"c","1gm"
"91",0.3,0.2,0.1,0.3,0.1,0.3,0.3,0.1,0.2,0.3,0.1,0.3,0.1,0.1,0.3,0.3,0.2,0.2,0.3,0.1,0.2,0.3,0.1,0.1,0.1,0.1,0.2,0.2,0.1,0.3,0.1,0.2,0.1,0.2,0.3,0.1,0.2,0.1,0.3,0.3,0.1,0.1,0.3,0.3,0.2,0.1,0.3,0.2,0.3,0.1,0.2,0.1,0.1,0.2,0.1,0.2,0.1,0.3,0.3,0.3,0.1,0.3,0.3,0.1,0.3,0.1,0.1,0.1,0.3,0.2,0.1,0.3,0.3,0.1,0.2,0.2,0.3,0.2,0.3,0.3,0.2,0.2,0.1,0.3,0.2,0.1,0.1,0.2,0.2,0.2,0.3,0.1,0.2,0.1,0.1,0.3,0.1,0,"z","r-9h-2d-3oy"
"92",0.2,0.2,0.1,0.3,0.3,0.3,0.3,0.3,0.2,0.2,0.1,0.1,0.2,0.1,0.2,0.2,0.3,0.1,0.2,0.1,0.3,0.2,0.3,0.1,0.3,0.3,0.2,0.2,0.3,0.2,0.2,0.3,0.2,0.2,0.2,0.2,0.2,0.3,0.2,0.3,0.1,0.2,0.3,0.2,0.1,0.2,0.1,0.1,0.1,0.2,0.1,0.3,0.1,0.2,0.1,0.2,0.3,0.2,0.1,0.3,0.3,0.1,0.1,0.1,0.3,0.2,0.2,0.1,0.2,0.2,0.2,0.2,0.3,0.3,0.1,0.1,0.1,0.2,0.1,0.2,0.3,0.1,0.1,0.1,0.2,0.1,0.2,0.3,0.2,0.1,0.1,0.3,0.2,0.1,0.2,0.2,0.1,0,"x","-4um-3sp3"
"93",0.1,0.1,0.1,0.3,0.2,0.1,0.3,0.3,0.2,0.1,0.3,0.2,0.2,0.1,0.1,0.1,0.1,0.3,0.1,0.3,0.3,0.2,0.2,0.2,0.1,0.3,0.1,0.1,0.3,0.3,0.2,0.1,0.2,0.2,0.3,0.1,0.1,0.2,0.3,0.1,0.3,0.1,0.2,0.3,0.3,0.1,0.2,0.1,0.1,0.1,0.3,0.1,0.3,0.1,0.1,0.1,0.1,0.2,0.1,0.1,0.3,0.1,0.2,0.3,0.3,0.2,0.2,0.3,0.2,0.3,0.3,0.1,0.1,0.3,0.2,0.1,0.2,0.3,0.2,0.3,0.2,0.2,0.2,0.2,0.3,0.3,0.1,0.1,0.2,0.3,0.1,0.1,0.1,0.1,0.1,0.3,0.3,1,"k","-5cgj-9"
"94",0.3,0.3,0.1,0.1,0.2,0.3,0.1,0.3,0.1,0.2,0.1,0.2,0.3,0.1,0.1,0.1,0.2,0.1,0.2,0.1,0.2,0.2,0.2,0.1,0.1,0.1,0.2,0.2,0.2,0.3,0.2,0.2,0.1,0.2,0.3,0.2,0.1,0.2,0.3,0.2,0.1,0.2,0.3,0.1,0.3,0.2,0.1,0.3,0.1,0.1,0.2,0.3,0.3,0.1,0.2,0.2,0.3,0.1,0.1,0.1,0.1,0.1,0.2,0.1,0.2,0.2,0.3,0.1,0.2,0.1,0.2,0.1,0.1,0.3,0.2,0.1,0.2,0.2,0.3,0.1,0.2,0.3,0.2,0.2,0.1,0.2,0.3,0.3,0.3,0.2,0.3,0.3,0.1,0.1,0.2,0.2,0.1,0,"s","-5ltvz"
"95",0.3,0.1,0.1,0.3,0.1,0.2,0.2,0.3,0.3,0.1,0.3,0.3,0.2,0.2,0.3,0.1,0.3,0.2,0.1,0.3,0.1,0.2,0.1,0.1,0.3,0.1,0.3,0.1,0.1,0.3,0.3,0.2,0.1,0.3,0.2,0.3,0.2,0.2,0.3,0.3,0.1,0.2,0.2,0.3,0.3,0.3,0.2,0.2,0.1,0.3,0.1,0.1,0.1,0.3,0.2,0.3,0.1,0.3,0.1,0.2,0.2,0.2,0.1,0.3,0.2,0.3,0.2,0.2,0.3,0.2,0.1,0.1,0.2,0.1,0.3,0.2,0.3,0.2,0.2,0.3,0.1,0.1,0.2,0.3,0.1,0.3,0.2,0.2,0.1,0.3,0.1,0.3,0.3,0.3,0.2,0.3,0.2,-1,"x","f"
"96",0.1,0.3,0.1,0.1,0.2,0.3,0.2,0.3,0.1,0.1,0.3,0.2,0.2,0.2,0.1,0.2,0.2,0.1,0.1,0.2,0.1,0.2,0.1,0.3,0.1,0.2,0.3,0.3,0.1,0.2,0.2,0.3,0.2,0.2,0.1,0.2,0.2,0.3,0.2,0.3,0.1,0.2,0.1,0.2,0.3,0.2,0.3,0.3,0.3,0.3,0.1,0.3,0.1,0.3,0.2,0.1,0.3,0.2,0.2,0.3,0.3,0.3,0.1,0.3,0.1,0.3,0.3,0.3,0.2,0.2,0.1,0.1,0.3,0.3,0.1,0.2,0.1,0.3,0.1,0.2,0.2,0.1,0.3,0.3,0.3,0.2,0.3,0.3,0.3,0.3,0.2,0.2,0.1,0.1,0.2,0.2,0.2,1,"n","a8-2tn"
"97",0.3,0.2,0.1,0.1,0.1,0.1,0.2,0.3,0.2,0.1,0.1,0.1,0.3,0.3,0.2,0.3,0.1,0.3,0.3,0.1,0.3,0.2,0.1,0.2,0.2,0.1,0.2,0.1,0.3,0.2,0.1,0.1,0.3,0.2,0.2,0.1,0.2,0.1,0.2,0.2,0.3,0.3,0.1,0.1,0.2,0.2,0.1,0.2,0.3,0.3,0.3,0.1,0.2,0.2,0.1,0.2,0.2,0.3,0.3,0.1,0.3,0.3,0.1,0.2,0.1,0.2,0.3,0.3,0.1,0.3,0.3,0.3,0.1,0.2,0.3,0.3,0.3,0.3,0.1,0.1,0.1,0.1,0.1,0.2,0.2,0.3,0.3,0.1,0.2,0.1,0.3,0.3,0.3,0.3,0.3,0.1,0.1,0,"o","l"
"98",0.1,0.2,0.1,0.3,0.2,0.2,0.1,0.2,0.3,0.1,0.1,0.3,0.2,0.2,0.3,0.2,0.3,0.3,0.1,0.3,0.3,0.1,0.1,0.3,0.1,0.3,0.2,0.3,0.1,0.3,0.2,0.2,0.1,0.3,0.2,0.2,0.2,0.2,0.2,0.2,0.1,0.2,0.2,0.3,0.2,0.1,0.2,0.3,0.1,0.3,0.3,0.3,0.2,0.3,0.1,0.1,0.3,0.1,0.2,0.2,0.3,0.2,0.3,0.3,0.3,0.1,0.1,0.3,0.1,0.2,0.2,0.1,0.1,0.3,0.2,0.1,0.2,0.2,0.1,0.3,0.3,0.2,0.1,0.2,0.2,0.1,0.3,0.2,0.2,0.3,0.1,0.3,0.3,0.3,0.1,0.2,0.1,-1,"y","s"
"99",0.1,0.2,0.3,0.3,0.2,0.3,0.2,0.2,0.3,0.1,0.2,0.2,0.2,0.2,0.3,0.3,0.1,0.3,0.3,0.3,0.1,0.1,0.2,0.2,0.3,0.1,0.1,0.1,0.2,0.3,0.1,0.1,0.1,0.2,0.2,0.1,0.3,0.1,0.1,0.3,0.3,0.1,0.3,0.3,0.3,0.2,0.1,0.1,0.3,0.3,0.3,0.2,0.3,0.3,0.2,0.1,0.2,0.1,0.1,0.2,0.1,0.1,0.2,0.2,0.1,0.3,0.3,0.3,0.1,0.2,0.2,0.2,0.3,0.3,0.3,0.3,0.1,0.1,0.3,0.1,0.1,0.3,0.3,0.3,0.2,0.2,0.1,0.3,0.3,0.2,0.2,0.1,0.1,0.2,0.1,0.3,0.2,0,"s","8bpkaex"
"100",0.1,0.1,0.2,0.1,0.1,0.3,0.1,0.1,0.1,0.2,0.3,0.1,0.2,0.1,0.1,0.3,0.3,0.1,0.3,0.2,0.3,0.1,0.1,0.2,0.2,0.2,0.1,0.2,0.2,0.3,0.3,0.1,0.1,0.1,0.1,0.2,0.1,0.1,0.3,0.3,0.3,0.1,0.3,0.1,0.3,0.2,0.3,0.3,0.1,0.2,0.2,0.2,0.1,0.2,0.2,0.1,0.1,0.2,0.3,0.3,0.2,0.3,0.3,0.2,0.3,0.1,0.1,0.3,0.1,0.2,0.3,0.2,0.2,0.2,0.1,0.2,0.1,0.2,0.3,0.2,0.1,0.1,0.3,0.3,0.1,0.3,0.2,0.3,0.1,0.3,0.1,0.1,0.3,0.2,0.1,0.1,0.1,0,"b","ja"
